id,name,lat,lng,category,description,author,difficulty,favorite,date_added,region
-OlJw567BhMq1A2zG7_9,Cardiff Graffiti Tunnel,33.0299962,-117.2740952,tunnel,Cool no homeless but be careful very long tunnel,Mike,1,True,2026-02-12 19:01:57,California
-OlJweFMtEjysBPAOS_W,Abandoned Structure,32.6857229,-116.9781098,building,Not that cool tbh low-key mid,John Doe,1,False,2026-02-12 19:04:25,California
-OlJxR-88w6tekupGB7S,Rodeway Inn Ruins,33.20487,-117.38472,building,This is the remains of an abandoned hotel in oceanside. homeless encampment nearby and they sometimes hang out here so be careful,John Doe,2,False,2026-02-12 19:07:49,California
-OlJxj-frdewCjKHTZMx,Abandoned Barn,33.0532605,-117.2247916,house,Cool lil abandoned barn not much to see but sum cool graffiti,John Doe,1,False,2026-02-12 19:09:06,California
-OlJyP9t9ODYiWkFIbxT,Abandoned Restaurant,33.0485213,-117.2922618,building,Cool spot unfortunately got boarded up comment if u able to get back in 🤞,John Doe,3,False,2026-02-12 19:09:32,California
-OlJyy4C7FnspriJkXpT,2 Abandoned Houses,33.0507311,-117.2904055,house,Cool houses in a nice areas don’t be spotted neighbors will snitch,John Doe,3,False,2026-02-12 19:11:59,California
-OlJzMgl7GoL3Ha-JqkQ,Abandoned House,33.0611047,-117.3013276,house,Cool house js hop fence,Liljoji831,2,False,2026-02-12 19:13:44,California
-OlK-crChN1F358QaV7p,Lookout,33.092512,-117.2989295,other,"There’s 2 ways to get to this spot, there’s a random rope fence that you can walk over and you’ll see a trail going straight up or you can follow the trail straight till you see a bench on a slight hill which is easier. Sometimes there’s a rope swing but sometimes there isn’t.",Liljoji831,1,False,2026-02-12 19:19:16,California
-OlK0802QcN_NLmCPfi1,Duck Pond Tunnel,33.16142,-117.27066,tunnel,short tunnel alright graff,Liljoji831,1,False,2026-02-12 19:21:28,California
-OlK0bmWJeqYfYxwBFDp,Super long endless tunnel,33.146040132111324,-117.33802746981382,tunnel,Super long like miles upon miles,liljoji831,1,False,2026-02-12 19:23:34,California
-OlK14T4SsiG1x-0k1fC,Abandoned Elementary school,33.2055534,-117.3371059,building,super sick big bando watch out for security and motion sensors js hop fence in back,Liljoji831,3,True,2026-02-12 19:25:36,California
-OlK2nqegDQG162XqhdJ,Abandoned Cow Farm,33.3484216,-117.1154815,building,Abandoned dairy and several buildings left over from an old San Diego Police Department K9 training facility. Really great graffiti on many of the buildings.,Liljoji831,0,False,2026-02-12 19:33:08,California
-OlK36RUSSKylBjz3CcT,bando house,33.4799213,-117.0476126,house,it’s cool watch out for bees tho,jake,3,False,2026-02-12 19:34:28,California
-OlK3TDhVZ9s0NRgebvb,abandoned sawmill,33.5536087,-117.2180564,building,,jake,3,False,2026-02-12 19:36:01,California
-OlK3ytWb2AY5CIExWN3,abandoned houses and barns,33.6563425,-117.2066271,house,"Contains a barn, houses, cars, a boat, a motorhome, and a lake during rainy months. The barn is slightly collapsed and there is a beehive. Would not reccomend trying to climb to the second floor. Most wood is rotted and old. Police patrol sometimes and theres a nosy neighbor next door, but I've gone multiple times without trouble. There are posted signs but the fences are knocked down. Along a main road. Overall worth exploring the houses, pretty dusty but a lot of old tech, books, and other finds.",jake,0,False,2026-02-12 19:38:15,California
-OlK4EO_lLTApcD75s9f,House,33.6418741,-117.2241463,house,"Along a main road and fenced off / signs posted, but pretty easy to get into because the fences are low. There's an open window into the house around the back. Lots of stuff inside the house. I'm 99% sure there's mold on the ceiling. Pretty cool to walk arouund in.",jake,0,False,2026-02-12 19:39:23,California
-OlK4WQNck1mK4U0NLx5,House,33.5630916,-117.2178799,building,pretty easy,Anonymous,0,False,2026-02-12 19:40:36,California
-OlK553_tDL9w99Gaz8d,Tunnel,33.5826,-117.6372,tunnel,it’s super hot inside,Anonymous,0,False,2026-02-12 19:43:07,California
-OlK5iL46nnNwQ_h4FUr,Ladera Tunnel (Homeless),33.5368197,-117.6424705,tunnel,Always angry homeless ppl so explore at ur own risk,jake,4,False,2026-02-12 19:45:52,California
-OlK6EkhYgEr3dYLtnRh,San Clemente Clown Tunnel,33.477919,-117.6276863,tunnel,cool graffiti of clowns,jake,0,False,2026-02-12 19:48:08,California
-OlK6yBy9FRrgQLHgfyi,Cool building,33.2225216,-117.3784374,building,"This place is very easy to access, nearby police force doesn’t give a shit if you enter and all the entrances are open, as well as broken windows on all sides. Easiest entrance and most discreet is the back side door with the broken glass. WARNING: there is glass everywhere so bring boots.",Liljoji831,0,False,2026-02-12 19:51:19,California
-OlK7Db29VIY8Cplrjx4,abandoned coffee shop,33.18906,-117.3734,building,no photos cuz phone was dead sorry but there’s motion sensors but if ur quick you’ll be good,liljoji831,3,False,2026-02-12 19:52:26,California
-OlK7_R4s1a6JB4oXkev,big lots for lease,33.1923777,-117.3608597,building,no way in and prolly covered in cameras and everything,liljoji831,5,False,2026-02-12 19:53:59,California
-OlK8E9-5yOln0yfPwX4,abandoned buffet,33.1797728,-117.3271732,building,sick spot,liljoji831,3,False,2026-02-12 19:56:50,California
-OlK9xBjuNPOmfaYoinR,The Jumping Turtle,33.1519727,-117.1967433,building,used to be a bar,liljoji831,2,False,2026-02-12 20:04:21,California
-OlKAJ7Rqw2KPt1yKXVC,The pink house,33.1303865,-117.1892401,house,no way in as of rn,liljoji831,3,False,2026-02-12 20:05:55,California
-OlKAcd2J-DhKb-YZw0I,discovery lake tunnel,33.1198,-117.17959,tunnel,Cool tunnel for beginners,Anonymous,1,False,2026-02-12 20:07:19,California
-OlKBBARMhyE6YHsc7na,abandoned burlington,33.1656117,-117.2178808,building,Super big bando security in the front but they suck if ur smart they won’t catch u,Anonymous,3,True,2026-02-12 20:09:44,California
-OlKBcwKNDRcJ_Ddxquw,abandoned shed,33.1350022,-117.1565864,building,"It’s the fourth unit from the back barbed wire fence. The door is unlocked, watch for people.",Anonymous,3,False,2026-02-12 20:11:42,California
-OlKCDdYyKPL61_JEkNy,eagle crest tunnel,33.110885,-117.0045506,tunnel,"Just park nearby and walk down on the dirt side, walk under the bridge this spot has great grafitti!",Anonymous,1,False,2026-02-12 20:14:17,California
-OlKCpJw6lBK8Xe0mRgR,cow farm,33.0845441,-116.9601356,building,lots of good graffiti,liljoji831,2,True,2026-02-12 20:16:55,California
-OlKDGTYEGdIiReRIGBA,Abandoned Buildings,32.7680061,-117.0338709,building,don’t know much abt them tbh js drove past em,Anonymous,0,False,2026-02-12 20:18:50,California
-OlKDpRgAV5hH1dFmhs6,long tunnel,32.8228577,-116.9999187,tunnel,,Anonymous,0,False,2026-02-12 20:21:18,California
-OlKDwaS_gFTKMbTrZiM,Community centre,33.200231,-117.240291,building,Very big and almost untouched follow tt @ACUrbex,ACUrbex,2,True,2026-02-12 20:21:47,California
-OlKEUjVnVgzWfHYoRY2,Amusement Park,32.8422,-116.8834,building,Lowkey sketchy owners they get mad but i heard abt someone paying them off and they actually gave them a tour,Anonymous,3,False,2026-02-12 20:24:11,California
-OlKEst7FCT51VLVxaeR,Giant abandoned mortgage office,32.803188,-117.130659,building,Very big and easy to get into follow my tt @ACUrbex,ACUrbex,1,True,2026-02-12 20:25:54,California
-OlKFhYVJPiF9GYhBbTu,Kick back spot,32.5899599,-117.0613456,other,Sick graffiti,Anonymous,1,False,2026-02-12 20:29:30,California
-OlKGY3CfoqlKL9xLh2i,Abandoned Apartments,32.7452104,-117.2532393,building,,liljoji831,0,False,2026-02-12 20:33:09,California
-OlKH_o9Fn8FLTJ--bDV,Graffiti Hut,32.75892308587066,-117.25576251314013,building,sick spot on the rocks super tiny and visible but fun to js chill in,Anonymous,1,True,2026-02-12 20:37:42,California
-OlKIl6VaU5RnVgHi98C,Sewer,32.7490351,-117.2346666,tunnel,Watch for homeless,Anonymous,1,False,2026-02-12 20:42:51,California
-OlKJWMmAmtJWkDv0r0M,abandoned red lobster,32.7549298,-117.2167506,building,been abandoned for a lil while and surprisingly clean,Anonymous,3,False,2026-02-12 20:46:08,California
-OlKJuGdptmtkBV1hr5d,Abandoned Witch House,32.758889,-117.1944445,building,has a pentagram at the top of the stairs,Anonymous,1,False,2026-02-12 20:47:50,California
-OlKKFT20vXRyiWYC5b9,abandoned carl’s jr,32.7483299,-117.2048645,building,,Anonymous,4,False,2026-02-12 20:49:21,California
-OlKL3pFqS7aGGNgU9U5,Massive Abandoned Place,32.7398747,-117.2131828,building,super hard to get in,Anonymous,4,False,2026-02-12 20:52:56,California
-OlKLpX6q3O5ADCS3_VM,Off-road Bando,32.7464859,-117.1562644,building,park on the side not much to see tbh,Anonymous,1,False,2026-02-12 20:56:15,California
-OlKMmLAUTRuNoGpuaQq,abandoned museum,32.7244222,-117.148415,building,"Went at night and got into the bottom floor, looks safe and we went in, but there is a room in the back with a large metal door, we opened it and there was a hideout with a homeless dude in it. When we saw it we bolted and on our way out we were chased by another homeless guy who i assume was also squatting there. He started yelling and chased us with some sort of weapon. Very cool spot from what little we saw but the squatters there seem dangerous explore at your own risk",Samuel Berkinballs,4,True,2026-02-12 21:00:24,California
-OlKNgk3qVPeKtmM3Oye,Abandoned WWII,32.593911,-116.8460037,building,I do not recommend you going be very careful because last time I went going it was about a week ago and I almost got shot by a 22 go if you dare but make sure to bring protection about if I could remember 10 bullets flew past my truck thank God it was very cloudy that day and if you turn around and looked where it was shooting you would see the orange flashes go off through the clouds,Samuel Berkinballs,5,False,2026-02-12 21:04:24,California
-OlKOZeVkJiqbDOgG025,Abandoned Mimis cafe,32.83968,-116.9833822,building,,Anonymous,4,False,2026-02-12 21:08:13,California
-OlKOtQ_1-iVXzpe3wm6,Abandoned House,32.8499518,-116.8981659,house,kinda nasty,Samuel Berkinballs,0,False,2026-02-12 21:09:38,California
-OlKPTwB64i2hBlt3f_o,Abandoned Vintage Shop,32.989025,-117.2701517,building,,Anonymous,0,False,2026-02-12 21:12:11,California
-OlKQWp21cYXn2MdoC5A,abandoned highway entrance,33.20639,-117.38278,other,,Anonymous,1,False,2026-02-12 21:16:45,California
-OlKRIgehDzkvlhQtW-t,abandoned bridge,33.260072626049975,-117.23797938004296,other,,Anonymous,0,True,2026-02-12 21:20:10,California
-OlKRWef1dGCw-FkUq9a,The IDF base camp,34,-116,,"The Israelites are hiding in these woods, come but beware. Do not bring change, the Jews do not come in peace. Bring offerings for the bard and neuberger families",Benjamin net and yahoo,,False,2026-02-12 21:21:07,California
-OlKRnIkVFuJRqff4eGz,Vista tunnel,33.1989499,-117.2445397,tunnel,superrrrr long,Anonymous,0,False,2026-02-12 21:22:21,California
-OlKSI9hkCpbX7mv7gpQ,bando taco shop,33.1933097,-117.2339501,building,,Anonymous,0,False,2026-02-12 21:24:30,California
-OlKSgZl3MKkurC5mwkZ,Big pit,33.3057426,-117.3400409,building,,Anonymous,0,False,2026-02-12 21:26:14,California
-OlKTPKbphXx1wRG31w7,Abandoned ranch house,33.2437,-117.1458,house,,Anonymous,3,False,2026-02-12 21:29:21,California
-OlMj-xXVd8b-E_MmGBP,Abandoned House and Barn,33.44564268418621,-116.85833588872605,house,,Anonymous,0,False,2026-02-13 08:01:08,California
-OlMjmICyeu9i_BZ8B3i,Abandoned Pharmaceutical Building,32.813155,-116.9442212,building,Idk if there’s a way in,Samuel Berkinballs,3,False,2026-02-13 08:04:30,California
-OlMk9ZIDmsX3J1Z_A-r,Abandoned Storage Barrack,33.0491992,-117.1219511,building,kinda sketch,Anonymous,3,False,2026-02-13 08:06:09,California
-OlMkSmyuMeRWHyjo60x,Dyer House Ruins,32.9274242,-116.5602254,house,there’s a parking fee but don’t bother cuz you’ll prob be there for 5 minutes,Anonymous,1,False,2026-02-13 08:07:28,California
-OlMkiZePdZG3w9oYx5b,abandoned ship,32.9757271,-116.7969439,other,,Anonymous,1,False,2026-02-13 08:08:37,California
-OlMlIlpb8Za_aoYw5Tv,abandoned mansion,33.05886,-117.20659,house,"Park down the street and walk there. Go to the left side of the house, the back door was open when I got there. Not much in the house it’s in pretty good condition but there’s a cool chest in the garage full of love letters and schoolwork.",Anonymous,3,True,2026-02-13 08:11:09,California
-OlMllGgPRUPXIjXDKub,Abandoned Mega Mansion with spiral staircase,33.0061,-117.2057,house,Super sick signs that say armed security i haven’t had any issues and i’ve been a bunch of times but idk best to be safe prob go at night for less issues,Anonymous,3,True,2026-02-13 08:13:11,California
-OlMrOD2ikh3e_v_WyG-,Lincoln Heights Jail,34.077441,-118.225022,building,"The Lincoln Heights Jail in Los Angeles is a large 1931 Art Deco–era concrete jail complex that closed in 1965 and has sat mostly vacant for years, becoming known for its deteriorating cell blocks, graffiti-covered walls, broken windows, and overall decayed but imposing structure; it has been used occasionally for filming but is not open to the public. The property is fenced off, monitored, and has had private security due to past vandalism and break-ins, and there are reported environmental and structural hazards inside, so entering without permission would be illegal and unsafe.",liljoji831,4,True,2026-02-13 08:40:17,California
-OlMsFQ8vudwGGttRAjl,Estero Bluffs Shipwreck,35.449347,-120.918571,,Abandoned fishing boat,Anonymous,,False,2026-02-13 08:44:03,California
-OlMtAK-zlrx6FwfUxOp,Westminster Mall,33.746982,-118.011872,building,Rolled and trashed now. Not worth going prob plus there gunna start building over it soon and demo it,Anonymous,5,True,2026-02-13 08:48:04,California
-OlMuGnxyE8JMGpNgniZ,Angels Gate Bunker,33.716211,-118.295631,building,This bunker has lots of graffiti art and if you go in the tunnel you will find many old documents that were kept here. Park in the parking lot next to the park.,Anonymous,2,True,2026-02-13 08:52:53,California
-OlMun8GpvkPOyTinfq7,Abandoned Farm of some sorts,34.223531,-119.083071,house,Some sort of old farm. All that remains is various bits of concrete base along with assorted vintage scrap on the ground. There is also an old shed that fell completely into a ditch. Would make for a cool photography spot,Anonymous,0,False,2026-02-13 08:55:10,California
-OlMvXJFo8l3Ct0uv_bM,Abandoned Roxie Theater,34.047491,-118.250991,building,"Designed by John M. Cooper, the Roxie was the last theater to open on Broadway in 1931, and the only Art Deco theater in downtown Los Angeles. During its final years it was a Spanish language cinema, and ultimately closed in 1989.",Anonymous,0,False,2026-02-13 08:58:23,California
-OlMwb_ir0Vz_hAuEC5l,Alcatraz Island,37.8265946,-122.4233048,building,"Alcatraz Island is a small island in San Francisco Bay best known for housing the former federal prison that operated from 1934 to 1963 and once held inmates like Al Capone. Before and after its prison years, it served as a military fort, military prison, and later became a site of Native American activism during the 1969–1971 occupation. Today, it’s part of the National Park Service and preserved as a historic site. You can visit by taking an official ferry operated by Alcatraz City Cruises from Pier 33 in San Francisco; tickets are required in advance, and tours include access to the island grounds plus a self-guided audio tour of the cellhouse.",Anonymous,1,True,2026-02-13 09:03:07,California
-OlMwjINy-09jNRGmqK4,Lighthouse On Alcatraz,37.826184,-122.42228,building,,Anonymous,1,False,2026-02-13 09:03:38,California
-OlMxHdGyM0ePEx_rqZM,Preston School of Industry,38.3604,-120.934,building,,Anonymous,1,True,2026-02-13 09:06:03,California
-OlMyLrkV-Rkg1FhL4Wu,Old wooden building,37.624381,-122.130471,building,haven't been inside but looks easy to get in,Anonymous,0,False,2026-02-13 09:10:42,California
-OlMyYo1NOLBmSMK_oew,Abandoned Building,38.477201,-122.73882,building,,Anonymous,0,False,2026-02-13 09:11:35,California
-OlMyuqSF4wlvQkXuHy4,Abandoned Barn,37.84648,-122.066711,house,"Abandoned barn, easy access all around, pretty big, cool hike to get to, reportedly haunted",Anonymous,0,False,2026-02-13 09:13:10,California
-OlMzCX0Z8yD6CXgHnKl,Gats Warehouse,37.90938,-122.38638,building,,Anonymous,0,False,2026-02-13 09:14:26,California
-OlMza2gnq0ytYVaU3IR,Possibly Abandoned Building,37.90977,-122.39049,building,Maybe abandoned never seen any cars near it but always be careful,Anonymous,0,False,2026-02-13 09:16:07,California
-OlMzxUwou6tWQfsFu1a,Mansion,38.82976,-122.897101,house,,Anonymous,0,False,2026-02-13 09:17:43,California
-OlN-S6q9Bt-Her2MLpE,🏚️,39.315601,-120.3207,house,,Anonymous,0,False,2026-02-13 09:19:52,California
-OlN-jN7CZLnFwZZ3biN,Abandoned Barn Yard,38.599751,-121.039791,house,,Anonymous,0,False,2026-02-13 09:21:07,California
-OlN-wofwvcttnzMKnth,Old Ranch,38.98488,-121.53404,house,,Anonymous,0,False,2026-02-13 09:22:02,California
-OlN0C-M_5UGrMh3g2KF,Lots of abandoned places,39.482821,-121.74331,building,"Abandoned house, Water shed, and garage (with a toyota tercel inside)
completely overgrown and left in disaray
close to small town, be wary of townsfolk",Anonymous,0,False,2026-02-13 09:23:08,California
-OlN0TqDPlZF1k4TGDk-,Abandoned House + Mill,38.342291,-121.56219,house,,Anonymous,0,False,2026-02-13 09:24:21,California
-OlN0sKMy2BVpYop6iEA,Old House,38.661731,-121.74674,house,,Anonymous,0,False,2026-02-13 09:26:06,California
-OlN1F8QMF_SfUyMYVXi,Abandoned Barn,37.86424,-122.032631,house,,Anonymous,0,False,2026-02-13 09:27:43,California
-OlN1U635rpomblnxjM7,Gas Station,33.88746,-118.073231,building,,Anonymous,0,False,2026-02-13 09:28:45,California
-OlN1f4NZKEL4AqE0-Jv,Abandoned Fishing HQ,33.90132,-118.37914,building,,Anonymous,0,False,2026-02-13 09:29:34,California
-OlN2Hx5s_cyLHILrxpN,🏚️,34.059181,-117.68138,house,"Seen while walking. Seen a hole in the fence, bring mask security prolly roaming around, better at night",Anonymous,0,False,2026-02-13 09:32:17,California
-OlN32aobnzEfXmfdxBu,Partially burnt Abandoned restraunt/house,34.143191,-118.75696,house,,Anonymous,0,False,2026-02-13 09:35:36,California
-OlN3O18FiXTDbkkC5gi,Canyon Tunnel,33.741581,-118.37472,tunnel,"You can get to the tunnel by walking through the canyon starting at the beach, or you can get to the tunnel by going down the hill by the road.",Anonymous,0,False,2026-02-13 09:37:04,California
-OlN3cBXfN1B-P5JCXbt,Small Building,33.737971,-118.39546,building,might be ass,Anonymous,0,False,2026-02-13 09:38:06,California
-OlN3vAQ2qo64YJ-tv8A,Mechanic Shop,33.83074,-118.270821,building,,Anonymous,0,False,2026-02-13 09:39:24,California
-OlN44hOC5b9qxPvFhng,Bando,34.070361,-118.51458,building,,Anonymous,0,False,2026-02-13 09:40:07,California
-OlN4bWomPZQmrIeHUCc,Stoney Hill Lookout Point,34.092061,-118.63611,other,,Anonymous,1,False,2026-02-13 09:42:25,California
-OlNLlp2i6fcReI3A7iB,Abandoned Apartments,34.27133,-118.40381,building,,Anonymous,0,False,2026-02-13 10:57:24,California
-OlNM1oYJm1Zx3ckHCuU,abandoned stables,34.357241,-118.5569,building,,Anonymous,0,False,2026-02-13 10:58:34,California
-OlNMFGjBURprLg6Vu3H,Abandoned Silos,34.347561,-118.40886,building,,Anonymous,0,False,2026-02-13 10:59:29,California
-OlNOiNN1C8kIFZj_DXU,Abandoned House,35.039191,-118.284791,house,,Anonymous,0,False,2026-02-13 11:10:17,California
-OlNSYqYM9S4QmK3f3mS,Abandoned Building,35.131401,-118.45851,building,no way to get in rn,Anonymous,0,False,2026-02-13 11:27:03,California
-OlNvrYRuAAUbMJ4Jj_5,Melba Vista Tunnel,33.1303865,-117.1892401,tunnel,watch for homeless,Anonymous,0,False,2026-02-13 13:39:27,California
-OlO01UXtDpskROPH7oH,Abandoned building,38.289011,-122.29854,building,hole in fence,Anonymous,0,False,2026-02-13 14:02:03,California
-OlO0IzTST4oZ8bchySM,abandoned house,38.193021,-122.31567,house,,Anonymous,0,False,2026-02-13 14:03:15,California
-OlO0XLOKJpzq3hAsrPR,bando shed,36.635141,-119.65246,building,,Anonymous,0,False,2026-02-13 14:04:13,California
-OlO0joibtSOzlU4cbMX,abandoned house,36.634681,-119.63693,house,low-key decomposing so be careful,Anonymous,0,False,2026-02-13 14:05:09,California
-OlO1ME3nmcUjESo4oqr,Frank J. Craycroft Home,36.8327,-119.809032,house,,Anonymous,0,False,2026-02-13 14:07:50,California
-OlO1cRnGUr33HjE9cTY,Abandoned Bridge,36.9915,-119.71379,other,"Broken bridge, collapsed in a flood decades ago lots of cool grafitti, 0 security as far as I'm aware, go visit if you are in the area, especially at night, the stars are beautiful, poetry night here would go hard.",Anonymous,0,False,2026-02-13 14:09:00,California
-OlO211ECjG49-03VJP6,possibly abandoned building,36.18815,-119.83025,building,Idk if it is,Anonymous,0,False,2026-02-13 14:10:45,California
-OlO2FtyJZ86Ja1-DArC,🏚️,36.18815,-119.83025,house,,Anonymous,0,False,2026-02-13 14:11:46,California
-OlO3AN3f6eWLiVbYhdU,truckstop bando,36.254901,-120.247041,,,Anonymous,,False,2026-02-13 14:15:45,California
-OlOEiuFF_e1vYZ14_sI,Green Home,32.6710043,-117.2389011,house,,Anonymous,3,False,2026-02-13 15:03:42,California
-OlOG9vM1gSHWzTu29bT,graffiti slab,33.1230469,-117.2629664,other,,Anonymous,1,False,2026-02-13 15:09:59,California
-OlOH5iwyZyp14fBH4Te,Dam,33.1176086,-117.2496406,other,,Anonymous,1,False,2026-02-13 15:14:04,California
-OlOIKlvZSaZTouIFPFR,Water reservoir,32.9854018,-117.1276388,building,"You have to find a gate at the general enterance. You can park at the nearby soccer park. From there find the gate. It is one of those electronic gates only meant to keep out cars so just go over under around or through it. Keep hiking and you will come to a barbed wire fence. Veer to the right and you will find a part of the fence where the barbed wire is cut (likely from a less respectful explorer). From there you can jump that fence easily and head over to the water reservoir. There are three interesting unlocked things. That being the big house like structure with pipes and gears and steam. The second being from an unlocked hatch on the big concrete plane that goes down to some sort of pool of water and odd columns (that is what is pictured in OP’s pictures. Also you can easily climb on top of the reservoir by finding a ladder closed off by a cylindrical locked block for like five feet. Just jump on top of it and then climb the rest of the ladder in order to get to the top of the tower. I couldn’t find a safe way to get inside as the only unlocked opening is at the top of the reservoir and jumping down would be far too hazardous. Great spot for San Diego though. Just enter with caution as there are some security features such as occasional cameras. However, the circuit breaker for the cameras are right beside the cameras themselves so it is not difficult to turn them off.",Anonymous,5,False,2026-02-13 15:19:28,California
-OlORAPM6DiJPxfkHYss,Abandoned House,33.1947246,-117.240129,house,,Anonymous,2,False,2026-02-13 15:58:04,California
-OlORSdTWglJRJojrJch,Abandoned Chinese Buffet,33.2132005,-117.2290157,building,,Anonymous,3,False,2026-02-13 15:59:19,California
-OlORoDkDeQYV26u5PQX,Boarded Grocery Store,33.1942315,-117.2322246,building,,Anonymous,5,False,2026-02-13 16:00:52,California
-OlOSElFF0-qp07GJzer,Giant cell tower,33.4307746,-117.5971686,rooftop,Be hella careful it’s super active and u could fall so be careful,Anonymous,5,False,2026-02-13 16:02:44,California
-OlOTF7dW31bPAW9nm8f,Abandoned house,33.4669126,-117.1395296,house,,Anonymous,0,False,2026-02-13 16:07:08,California
-OlOT_bNRHSM63qXqKeb,Tunnel,33.5826,-117.6372,tunnel,,Anonymous,1,False,2026-02-13 16:08:36,California
-OlP9qL-sqYmAbfQxUPV,Abandoned Mansion,32.8062424,-117.2615271,house,,Anonymous,2,False,2026-02-13 19:21:59,California
-OlPAdNiDOqr6Um-0Kor,Untouched Charter School,33.1196967,-117.0815811,building,,Anonymous,4,False,2026-02-13 19:25:28,California
-OlPBIEKW_BqihA17vn1,KC Tunnel,33.07205,-117.06389,tunnel,don’t go after it rains,Anonymous,2,False,2026-02-13 19:28:19,California
-OlPBrZORgySxj7Rk1m6,Tunnel,33.151979,-117.0359294,tunnel,,Anonymous,1,False,2026-02-13 19:30:48,California
-OlPCbUEaWSoxXXgA_dA,Abandoned Barn,33.1801861,-117.0503955,house,Great hiking and mountain biking trails plus some cool old buildings.,Anonymous,0,False,2026-02-13 19:34:05,California
-OlPDUDVhmTw54rkvqFO,Abandoned House,33.5630916,-117.2178799,house,,Anonymous,0,False,2026-02-13 19:37:53,California
-OlPF9NpsEJLIPRl8XtP,Abandoned Zoo,34.1368,-118.2935,,Sick spot and its actually legal to go to,Anonymous,,False,2026-02-13 19:47:45,California
-OlPFTHWgg0NONLIucXq,Abandoned Zoo,34.133973,-118.288596,building,sick spot and its legal to go to!,Anonymous,1,True,2026-02-13 19:49:06,California
-OlSrpiCceGVWKjPxx9a,Old Dam,32.9966875,-116.7965689,,,Anonymous,,False,2026-02-14 12:37:25,California
-OlSwss9kl_iw13WOLBh,Abandoned Cabo Grill,33.0817426,-117.3088585,building,,Anonymous,2,False,2026-02-14 12:59:28,California
-OlSxHJ9nLRDG9D6y2sq,Abandoned House + Shop,33.0581665,-117.2793799,,,Anonymous,,False,2026-02-14 13:01:12,California
-OlSx_8kZrJnHTODLH87,abandoned house + shop,33.0581665,-117.2793799,house,"Went today, pretty cool for pictures, top floor stairs are gone. Used a wood plank to climb ip, better to go with someone for support. Careful of people around tho could be lurking like evil gooners",Anonymous,1,False,2026-02-14 13:02:30,California
-OlSyaC4nr4HZCeP5mVy,view point,33.4871482,-117.1607009,other,,Anonymous,1,False,2026-02-14 13:06:56,California
-OlT0aulhyjTktQCXuL5,Abandoned Juvenille Detention Center,33.91195,-118.0613,building,Be respectful of the property,Anonymous,3,True,2026-02-14 13:20:05,California
-OlT19FykemLDD3G3jeL,Dana Point Caves,33.46119,-117.71569,other,,Anonymous,1,False,2026-02-14 13:22:30,California
-OlT2-mveH2tAvHOfmwe,Graffiti Hill,33.5261,-117.6806,other,Park on camino los padres st and then go on the trail on the left side of the dead end,Anonymous,1,False,2026-02-14 13:26:13,California
-OlT2QQbbpO7ILOM4od-,Abandoned WWII bunker,33.56,-117.8126,building,This is actually legal now i beliebe,Anonymous,3,False,2026-02-14 13:28:03,California
-OlT2vsqvwb7x6Z5w4dB,Abandoned Marine Base,33.6762,-117.7238,building,THIS IS SUPER DANGEROUS SPOT,Anonymous,5,False,2026-02-14 13:30:16,California
-OlT3kMHmJTxvyHS1JhZ,Wetlands Graffiti Tunnel,33.70689,-118.04558,tunnel,Crawl under the fence,Anonymous,0,False,2026-02-14 13:33:50,California
-OlT41FAqo8Yo0Gs18kI,Insane Asylum,33.92336,-118.16229,building,Super sick,Anonymous,0,False,2026-02-14 13:35:04,California
-OlT4Xb8UP82QjFSNCQb,Abandoned Subterranean Water Storage,34.0067,-117.9986,building,"Has amazing graffiti, u have to go on a short hike and hop a fence",Anonymous,2,False,2026-02-14 13:37:16,California
-OlT4tBPIYR0svVcWBIg,Abandoned Hospital,34.16819,-118.09613,building,Prob security idk when i went there wasn’t hop a fence tho but other then that sick spot super massive,Anonymous,4,False,2026-02-14 13:38:49,California
-OlT5PPcJ29amaGz90tl,Abandoned Murphy Ranch,34.07033,-118.51441,house,Used to be a nazi encampment. Now is a community art gallery. It’s a link trek to get there but totally worth it.,Samuel Berkinballs,1,True,2026-02-14 13:41:05,California
-OlT60U4OeWRNhuZGryi,Hawthorn Abandoned Mall,33.92102,-118.35172,building,go at night usually tweakers,Anonymous,3,True,2026-02-14 13:43:45,California
-OlT8L5ks5bhxNGVfOte,abandoned fort,34.106,-118.91545,building,bring water it’s a long hike,Anonymous,0,False,2026-02-14 13:53:54,California
-OlT9AMg7Y4nKdixzVPX,Abandoned Preschool (practically untouched),34.3848,-118.5232,building,If ur too loud you’ll get cops called and i’ve heard abt sketchy ppl lurking at night around it so be careful,Anonymous,3,False,2026-02-14 13:57:32,California
-OlTA_IloLATt4gp44Y2,Nike Missile Site,34.31216,-118.60734,building,once u see the abandoned buses ur close,Anonymous,0,False,2026-02-14 14:03:40,California
-OlTBMs2VKhSCeWm-Jtk,Abandoned Swat Training Building,34.02939,-118.25668,building,Security might be present during the day. Sick graffiti,Samuel Berkinballs,0,False,2026-02-14 14:07:07,California
-OlTBn0Px2bCxsq5mJak,Sunken City,33.7064,-118.2879,,,Anonymous,,False,2026-02-14 14:08:59,California
-OlTEHvgpP23iXmswcKc,Abandoned Redlands Waterpark,34.0691,-117.2279,building,Keep in mind: there’s security that drives around in a white truck so be careful.,Anonymous,0,False,2026-02-14 14:19:54,California
-OlTEcuO0owl97QNfMSZ,Abandoned Redlands Town,34.07704,-117.11338,house,Cool graffiti,Anonymous,0,False,2026-02-14 14:21:24,California
-OlTFXTvQLDTELo5SzUj,Abandoned Theater,32.71698,-117.1612,building,Extremely hard to get inside of. if you do go go at night and enter through the side. the security is high level and violent.,Anonymous,5,True,2026-02-14 14:25:19,California
-OlTGCHN5L8Nvnojfu9E,Adobe Falls,32.779,-117.0689,other,the pin marks the start of the tunnel keep walking to get to the warefall,Anonymous,1,False,2026-02-14 14:28:15,California
-OlTGjoUDOW37RTdBIOH,Fontana Bunker,34.02893,-117.46209,building,You do have to hop a fence but it’s cool,Samuel Berkinballs,2,False,2026-02-14 14:30:36,California
-OlTJDparkE4ZWnSO4Kw,Abandoned Courthouse,33.52459,-117.71717,building,Respect the spot. Gutted but still cool for the history. Near a police station so be cautious.,Anonymous,3,True,2026-02-14 14:41:27,California
-OlU6crsbVbPwP8y2Uas,Abandoned Mansion,32.75726,-116.87529,house,Has tennis court and pool still left over,Samuel Berkinballs,2,False,2026-02-14 18:26:03,California
-OlUgQfIQPGImnU7CDIo,Sulfer Mines,32.9903437,-117.1113511,tunnel,"This was quite a hike to get to, I parked on wineridge rd. Once you make it to the long structure, it zig zags down. It made me dizzy. The mine is closed but there’s remaining structure from this abandoned sulfur mine",Anonymous,0,False,2026-02-14 21:06:49,California
-OlUhBnU69cZZLz019ig,4s ranch dam,33.0024968,-117.1151987,other,Cool fishing spot,Anonymous,0,False,2026-02-14 21:10:10,California
-OlUonXGZRkm-Q--c8TJ,Abandoned Middle School,38.0146812250902,-122.50902,building,Pretty small only 2 buildings and a basketball court,Anonymous,0,False,2026-02-14 21:43:24,California
-OlUpiQp3AyntS8_PZP8,Abandoned Roundhouse (might be demolished),37.701901224067,-122.4067,building,Idk if it’s demolished haven’t been in a while,Anonymous,0,False,2026-02-14 21:47:25,California
-OlUqZp7FZjG6qNrUdH0,Nike Missile Test Site,37.639701224789,-122.4789,building,Old from wwII,Anonymous,0,False,2026-02-14 21:51:08,California
-OlUrONecGXrZw6zRp3p,Abandoned Barn,37.400501221912,-122.1912,house,Cool,Anonymous,0,False,2026-02-14 21:54:43,California
-OlUs-vSefEJEC3kTwEA,The Frenchman’s Tower,37.396101221619,-122.1619,building,Has a small rusted fence u can easily hop over. Has a small entrance in the back,Anonymous,0,False,2026-02-14 21:57:25,California
-OlUsZ152geRwqmULBYD,Abandoned School,37.182301220018,-122.0018,building,Hard to find kinda but it’s off to the side of the road,Anonymous,0,False,2026-02-14 21:59:49,California
-OlUt8WT3Am35xKupnwp,Davenport Pier,37.012301221994,-122.1994,building,Old pier not much to see tbh,Anonymous,0,False,2026-02-14 22:02:22,California
-OlUtloS3srxmxIdwrLB,Abandoned Hotel,37.848001216334,-121.6334,building,Might be demoed,Anonymous,0,False,2026-02-14 22:05:07,California
-OlUuhPNo_OXwdO8y3D7,Abandoned Bunker,38.06760122528,-122.52,building,Park at skate park,Anonymous,0,False,2026-02-14 22:09:11,California
-OlUvd56Ajga_5_xi0_a,Camp Reynolds Abandoned House,37.861001224405,-122.4405,house,Boarded,Anonymous,0,False,2026-02-14 22:13:16,California
-OlUwB9TfBra3bot39HO,Devils slide bunker,37.568101225163,-122.5163,building,Sick spot cool graffiti keep it nice!,Anonymous,0,False,2026-02-14 22:15:39,California
-OlUwlE8AHXtWQ__Mwhg,Abandoned Half Moon House,37.489801223685,-122.3685,house,Cool,Anonymous,0,False,2026-02-14 22:18:11,California
-OlUxN0o48HrqrBZMdjk,Emerald Pools,39.3189912065582,-120.65582,building,Half a mile walk to the swimming part,Anonymous,0,False,2026-02-14 22:20:50,California
-OlV6RX_fvfA14WVAHqF,Abandoned Asylum,37.4097222222,-121.9305555556,building,Sick spot,ForgottenBay,0,False,2026-02-14 23:04:50,California
-OlV71W5QuWX4JXGQPzr,Abandoned Asylum,37.4097222222,-121.9305555556,building,sick spot,Forgottenbay,0,True,2026-02-14 23:07:26,California
-OlV7pTfLTmsfHVz41EF,Abandoned Movie Theater,37.3175,-121.9313888889,building,pretty easy,Anonymous,0,False,2026-02-14 23:10:54,California
-OlV8U56xSsRTs_W3XLX,abandoned boy scout camp,37.231944,-122.044444,building,super sick spot and rlly easy js requires a lil hiking,Forgottenbay,0,False,2026-02-14 23:13:45,California
-OlVEY02ubEhrGi4C_QP,Abandoned Condos,37.858941,-122.485667,building,,@Urbexthebay,0,False,2026-02-14 23:40:14,California
-OlVImHbfN2_MhyPipPg,Abandoned Movie Theater,37.932245,-122.517583,building,crazy spot with insane baer piece u can see in the photo,@Urbexthebay,0,True,2026-02-14 23:58:45,California
-OlVJPt83hy2aRNVxCP0,Wacky Abandoned Houses,37.88946,-122.56491,building,Some of the weirdest but coolest houses i’ve seen. WARNING someone lives in one of the houses so don’t try to go in,@Urbexthebay,0,True,2026-02-15 00:01:31,California
-OlVK7l4uWCwwjItkMW_,Abandoned Coast Guard Base,38.05323,-122.51413,building,get in thru second story,@urbexthebay,0,True,2026-02-15 00:04:39,California
-OlVKe7II2JXjruX_TE6,Abandoned Drug Rehbad,38.02393,-122.52372,building,,@Urbexthebay,0,False,2026-02-15 00:06:56,California
-OlXR6_IfPP6MD4YuzH6,5 screen theater,38.01882,-122.53183,building,,@Urbexthebay,0,False,2026-02-15 09:54:24,California
-OlXRkofUDnww2DjhdqC,Abandoned Building,37.89404,-122.53323,building,,@Urbexthebay,0,False,2026-02-15 09:57:13,California
-OlXSJIZE-mTdZ0A7Xp7,Abandoned Building,37.8626,-122.49446,building,,@urbexthebay,0,False,2026-02-15 09:59:38,California
-OlXTK23Pt4IqZUeFKd6,Abandoned Campsite,34.16557,-116.81784,building,,Anonymous,0,False,2026-02-15 10:04:03,California
-OlXV8bJf-fi0T4b-NoZ,Juvenille Boys Camp,40.634921,-122.67639,building,"lost funding in 2009, now is covered in graffiti.",Anonymous,0,False,2026-02-15 10:12:01,California
-OlXVkc5496qkVOp6LR2,abandoned barn,41.081581,-124.148361,house,Abandoned Barn at trinidad in the barn theres a chevy nova thats been sitting for 50+ years.,Anonymous,0,False,2026-02-15 10:14:40,California
-OlXWMrnnuV_ZMMuQdMI,Old Paper Mill,40.80494,-124.194071,building,"Old paper mill in Samoa. Some cars on the map, I don't know if people still work there, but they might. Highly unlikely to be inhabited by a buisness. Enter at you're own risk.",Anonymous,0,False,2026-02-15 10:17:21,California
-OlXX0ilshySi2fogAF9,Abandoned Devils Playground,40.779771,-124.192371,building,"Devil's Playground. Old abandoned train repair station. Lots of graffiti, lots of homeless. Enter at your own risk.",Anonymous,0,False,2026-02-15 10:20:13,California
-OlXXRmdaoX6Q7awv7jZ,Abandoned Factory,40.86586,-124.15259,building,,Anonymous,0,False,2026-02-15 10:22:03,California
-OlXXsD1OU7abrfnnIP2,abandoned house,40.8941,-124.088891,building,,Anonymous,0,False,2026-02-15 10:23:56,California
-OlXYUxT0PSTdZsLbyAu,Abandoned House,41.733491,-122.63017,building,Pretty torn up has a shed u can explore as well,Anonymous,0,False,2026-02-15 10:26:39,California
-OlXZ1yP0dw3AHK7Ar_r,Abandoned Blue Farm Factory,41.727291,-122.5258,building,,Anonymous,0,False,2026-02-15 10:29:02,California
-OlXZuB7NyUdM9YFayoM,Bando,41.8268,-122.005301,house,,Anonymous,0,False,2026-02-15 10:32:48,California
-OlYz0wyJp7WupCXJ7LO,Hangout Spot Under Bridge,37.8939059,-122.0617347,other,Crazy homeless people at night but if u go during the day it’s a nice smoke spot js don’t trash it ngas live there at night so keep it clean for em even if they insane,Anonymous,1,False,2026-02-15 17:06:33,California
-OlYzosd4AUfY3gKcU4Y,Graffiti Rock Lookout,33.1530815,-117.0228648,building,,Anonymous,1,False,2026-02-15 17:10:02,California
-OlZ-rZdgKUAEJyuh7s4,La Jolla Mushroom House,32.872307122039416,-117.25203026199723,house,,liljoji831,1,True,2026-02-15 17:14:35,California
-OlZ1VhNxDgsG3livtcW,Costa Verde Shopping Mall,32.868425,-117.2151227,building,Security is tight but it’s super sick,Anonymous,0,False,2026-02-15 17:21:45,California
-OlZ275poYGxN6Noa_K5,Graffiti Bridge,32.8754249,-117.1908916,building,,Anonymous,0,False,2026-02-15 17:24:27,California
-OlZ2VjUFCpnsculy3Gf,Graffiti Tunnel,32.7944127,-117.1127879,tunnel,,Anonymous,0,False,2026-02-15 17:26:08,California
-OlZOWAmo0MRHXYDx2Dv,Bridge,37.49593,-122.11454,other,,@teganogo,0,False,2026-02-15 19:02:17,California
-OlZRFAllVx5iNIr-Pwm,SD Fire Training Area,32.7332026,-117.2089009,building,"Only go at night, around 9 pm, easy roof access don’t get caught by airline employees. Second building has a door open with a big square in it go inside, causation: might be a homeless guy there you’ll see his laptop. That open square in the door leads to bathroom/shower, didn’t go as far inside due to the little friend we met. Crazy view tho.",Anonymous,0,False,2026-02-15 19:14:13,California
-OlZomKirvWD07niO02B,Narnia,32.94252,-117.07955,other,,Anonymous,0,False,2026-02-15 21:01:25,California
-OlZoma9E7253mpKvI0H,Narnia,32.94252,-117.07955,other,,Anonymous,0,False,2026-02-15 21:01:26,California
-OlZonYyzcindF15U0m7,Narnia,32.94252,-117.07955,other,,Anonymous,0,False,2026-02-15 21:01:30,California
-OlZonfmEOWypZ7-I9Ar,Narnia,32.94252,-117.07955,other,,Anonymous,0,False,2026-02-15 21:01:30,California
-OlcdMFntFwx-Lr6dKiC,Abandoned House,37.18753,-121.9851,house,,Anonymous,0,False,2026-02-16 14:49:59,California
-OlceORR1AuKf2dQYgF2,Abandoned Hospital,37.406287,-121.934696,building,,Anonymous,0,False,2026-02-16 14:54:30,California
-OlczhrLpnxXin9NYJ3h,Abandoned Mall,37.41889,-121.89143,building,,Anonymous,0,False,2026-02-16 16:30:20,California
-OldzjA03Dlb7qsxP9J7,Abandoned Bridge,37.16403,-121.97702,building,majestic,Anonymous,0,False,2026-02-16 21:07:21,California
-OlgYdUu3Z7fmL4jAJeK,Santa Cruz Bando,37.22268,-122.09359,building,,Anonymous,0,False,2026-02-17 09:03:30,California
-OlgYzCN0mVulroGOVBx,Abandoned Mansion,37.40259,-122.29775,house,,Anonymous,0,False,2026-02-17 09:04:59,California
-OlgZjOxT7UpNTaYC0MM,Abandoned High School,37.36963,-121.85811,building,,Anonymous,0,False,2026-02-17 09:08:16,California
-Olg_HTDexLxQhw9DgOv,Abandoned Home,37.22252,-122.04338,house,,Anonymous,0,False,2026-02-17 09:10:40,California
-OlgaKjSGMyyEQgbNjzt,Starlight Bowl,32.72681,-117.15313,building,,Anonymous,0,False,2026-02-17 09:15:15,California
-OlhN2MulTlmMypKx6q5,Abandoned Building,37.8626,-122.49446,building,,Anonymous,0,False,2026-02-17 12:52:28,California
-OlhN3bZnxzhWWC0gZHj,Abandoned Building,37.8626,-122.49446,building,,Anonymous,0,False,2026-02-17 12:52:33,California
-OlhYrqNyXp2WDbG3ZQs,Abandoned Casino,38.577208,-121.32693,building,,Anonymous,0,False,2026-02-17 13:44:06,California
-OlhZrzjrH2JdMrM4IZY,Sunrise Mall,38.674703,-121.268928,building,,Anonymous,0,False,2026-02-17 13:48:29,California
-Olh_pHTDrg7aBfeJZmb,Community Services Agency,37.349851,-121.841317,building,,Anonymous,0,False,2026-02-17 13:52:40,California
-Olhb6QIDgm0APAaWpms,Abandoned Place,37.41889,-121.89143,building,,Anonymous,0,False,2026-02-17 13:58:16,California
-OlhbMr9ucpB5ShYKx85,Abandoned Pizza Place,37.528335,-122.001165,building,,Anonymous,0,False,2026-02-17 13:59:23,California
-Olhht8_6K_ziZjhoHpl,Tunnel,33.049447,-117.291284,building,Gotta hop a fence to get to it mad sketchy homeless ppl inside,Anonymous,0,False,2026-02-17 14:27:53,California
-OlhyTpEwdc3NIx6390o,Tunnel,32.93771451511961,-117.1023528719278,tunnel,,Anonymous,0,False,2026-02-17 15:40:21,California
-OliD3bauEJsfSYEO6rs,Tunnel,37.8946602,-122.0593746,tunnel,floods a lot so be cautious,Anonymous,0,False,2026-02-17 16:48:28,California
-OliDYoTYAomo-NybJxU,Waterfall,33.6133442,-117.427141,building,it’s a hike but it’s cool,Anonymous,0,False,2026-02-17 16:50:36,California
-OliE22cfLUOGPWVki6X,Abandoned Coal Mine,33.6746286,-117.5399684,tunnel,"Trabuco Canyon Mine Inf ormation on this location is older. Drive up to the gate at the end of the dirt roa d, then hike the rest. You will not have service out there. The mine is going to be on the left side of the trail, you will n ot be able to see it from the trail, it is fu rther up the mountain past the stone w all things to the left. You can try to squ eeze inside the mine but it is very diffic ult because the entrance is covered by metal boards. Go at your own risk not sure how stable the mine is, it could co llapse.",Anonymous,0,False,2026-02-17 16:52:44,California
-OliEu6VUhBu20lAibik,abandoned mansion,32.75726,-116.87529,house,Park on Stonefield Drive and there is a pedestrian gate to get on to Farraday Ridge Road. Go the the end of the road and follow the dirt road along the side of the golf course. It's a popular mountain biking spot so lots of people use it and no one will hassle you if you do the 2 mile hike up.,Anonymous,0,False,2026-02-17 16:56:29,California
-OliGaqcTfyatvJTR_v0,Abandoned House,32.8575427,-117.1891405,house,might be sealed cuz i haven’t been in a min but the front door was unlocked the last time i went js watch out for evil gooners,Anonymous,0,False,2026-02-17 17:03:55,California
-OliH0-n1ACyOtjBNOkM,Tunnel,32.8606901,-117.2096014,tunnel,Walk the trail and find the stream to the right follow the tunnel,Anonymous,0,False,2026-02-17 17:05:42,California
-OliHSQYEdrgItuInAuA,Faze Rug Tunnel,32.9212872,-117.1487139,tunnel,goes for super long. Featured in faze rugs videos,Anonymous,0,False,2026-02-17 17:07:38,California
-OliK6-G2-4G3nL99G2I,Abandoned YMCA,34.1472778,-118.1456389,building,,Anonymous,0,False,2026-02-17 17:19:13,California
-OliKhrOH1R90kiklmIZ,Abandoned Airport,35.5913035102426,-117.626633725,building,,Anonymous,0,False,2026-02-17 17:21:52,California
-OliM8O2Au8yV20yrv5T,Abandoned Industrial Building,39.0598133312444,-123.453190213,building,,Anonymous,0,False,2026-02-17 17:28:07,California
-Oli_8zs484KI7fRPsgI,Burned House,32.8497944,-117.2725971,house,surprisingly intact on the inside,Anonymous,0,False,2026-02-17 18:29:20,California
-Oli_WLjb_X4TQ2e_qpo,Abandoned Barracks,32.73826245313502,-117.21037072079372,building,,Anonymous,0,False,2026-02-17 18:30:55,California
-Oli_l91Q7KWq1aA7CF_,Graffiti Overpass,32.7229249,-117.1490566,building,,Anonymous,0,False,2026-02-17 18:32:00,California
-Olia9JXcP8L5uJ4TeJq,Abandoned Farmers Market,32.7545778,-117.1231797,building,boarded up,Anonymous,0,False,2026-02-17 18:33:43,California
-OliagdWwsaNFjox0YJ1,Abandoned Club,33.97451,-118.231731,building,easy to get in but I see homeless ppl hanging outside a lot so be careful.,Anonymous,0,False,2026-02-17 18:38:47,California
-OlibjW0lRBw3p8IO9vw,Abandoned Structure,34.100131,-118.59846,building,,Anonymous,0,False,2026-02-17 18:43:21,California
-OlifPJ37z73aIYc1lQq,Old Cemetary,39.454051,-121.64731,other,spooky at night,Anonymous,0,False,2026-02-17 18:59:23,California
-OlifeUk8usBI8Vg8EAd,Abandoned Factory,39.714221,-121.832192,building,Lots of security low-key risky,Anonymous,0,False,2026-02-17 19:00:29,California
-OlifqZgMdy46xbXX9OR,Abandoned Shell Gas Station,39.711381,-121.811191,building,,Anonymous,0,False,2026-02-17 19:01:19,California
-OligAha_gbHSZBLAjd-,Old Mineshaft + Buildings,40.734351,-122.072851,building,"Abandoned mineshafts and old buildings, EPA has it marked as dangerous but entry is not difficult. Good for photos at night",Anonymous,0,False,2026-02-17 19:02:45,California
-OligdHsYTE79wvWB7-M,Abandoned Bar,38.714681,-122.917141,building,,Anonymous,0,False,2026-02-17 19:04:47,California
-OlinlYVORO9fFHmwl5y,La colonia tunnel,32.9873075220771,-117.25915273269864,tunnel,,Anonymous,0,False,2026-02-17 19:33:12,California
-OlipDiv_AurIOnsLpOh,Abandoned Gate Building,32.7391131,-117.2164647,building,sealed shut lmk if it opens up,Anonymous,0,False,2026-02-17 19:39:33,California
-OlipUkWMX2dTo68CEnL,Abandoned Golf Course Club House,32.7404621,-117.2152754,building,no way in,Anonymous,0,False,2026-02-17 19:40:43,California
-Oliq3gouej_G4scJwYQ,Possibly Abandoned Building,32.7532858,-117.2073122,building,,Anonymous,0,False,2026-02-17 19:43:14,California
-OliqPiGiU4qxrR4jDaI,Perry’s Cafe,32.7561218,-117.2015704,building,no way in and homeless ppl hang out around it,Anonymous,0,False,2026-02-17 19:44:45,California
-OlirACx8zaJmXe5aKtS,Abandoned Military Lab,32.8401128,-117.2489103,building,Roof access from left side of building from the street have to do some climbing then after on rood you can get down into the main area it's all barb wire around so watch out once your inside the basement was closed but all the lights were on inside meaning possibly a squatter we realised only some of the area has power because the camera that is there didn't have anything going to it and didn't have any lights so the signs that say we can see you on cameras are just there to scare you but some doors have alarms that will sound if you open them,Anonymous,0,False,2026-02-17 19:48:03,California
-Olisg7V24to9OAdlsub,Abandoned Cheese Factory,40.641821,-124.2249,building,,Anonymous,0,False,2026-02-17 19:57:24,California
-OlitLjttPuDVIWVsI_5,Abandoned Seafood Restaurant,38.160701,-122.894162,building,,Anonymous,0,False,2026-02-17 20:00:19,California
-OlitesyG0WHbQBzvoHE,Graffiti Tunnel,37.667631,-122.068081,tunnel,,Anonymous,0,False,2026-02-17 20:01:41,California
-OliuhRnyLhUBVAoWnuE,Abandoned Chevy Dealer,37.323426,-122.040167,building,demolished and turned into a Whole Foods,Anonymous,0,False,2026-02-17 20:06:14,California
-OlivX52sVw5S3rspBzQ,Cave,37.946973,-121.805216,other,u gotta hop fence,Anonymous,0,False,2026-02-17 20:09:50,California
-OliwLX73bqEe3asiOHf,Abandoned Toys R Us,37.679763,-121.047064,building,No way in last time I went,Anonymous,0,False,2026-02-17 20:13:24,California
-OliwqzTAKoUaxLsMGlC,Abandoned House,37.796513,-120.978914,house,super easy,Anonymous,0,False,2026-02-17 20:15:37,California
-OlixHhiJoPV6Zrzl6KF,Inverness boat,38.09693,-122.852068,other,Abandoned fishing boat,@adventure_goons,0,False,2026-02-17 20:14:47,California
-OlixYQPKDyt-gvmi0qL,Inverness boat,38.09729,-122.850938,other,Abandoned boat,@adventure_goons,0,False,2026-02-17 20:15:55,California
-Oliz-nXj1ZrAeyVl_CA,Torre Grande,38.8150866,-0.9748651,building,,Anonymous,0,False,2026-02-17 20:22:18,California
-Oliz5I8wZYVC0aMlr3i,Abandoned cabin,37.611911,-119.021823,house,Cabin church thing,@adventure_goons,0,False,2026-02-17 20:22:40,California
-OlizNpLsj02u-yFMwad,Palacios,36.5005932,-4.9671611,building,prob a security system.,Anonymous,0,False,2026-02-17 20:23:56,California
-Olj-PZHz7GvsdpA8389,Huge dam,39.326646,-120.642951,other,Big ol dam,@adventure_goons,0,False,2026-02-17 20:28:25,California
-OljCyOjR80S-_gy3Hs1,abandoned house 🏚️,330930.511721002,330930.511721002,house,place got boarded up pretty untouched but the people walking will snitch,2.radz,0,False,2026-02-17 21:27:40,California
-OllUO5UBaiOpMxKoa6f,Cave,38.916375,-121.014555,tunnel,,@adventure_goons,0,False,2026-02-18 08:03:00,California
-OllUXKIYbKZRvQhvVbN,Mine remnants,38.91673,-121.015225,building,,@adventure_goons,0,False,2026-02-18 08:03:38,California
-OlmJZm0mWuwwUxxJmCM,Abandoned House Destroyed By Arson,33.0813512,-117.1209212,building,,Anonymous,0,False,2026-02-18 11:55:22,California
-OlmJx2E2BJ_hm94x6al,Abandoned Home,32.9746979,-116.9731669,building,,Anonymous,0,False,2026-02-18 11:57:01,California
-OlmKKEIvQ5U4NAi-ysw,Graffiti Under Bridge,32.84733320996344,-116.96943994247468,building,,Anonymous,0,False,2026-02-18 11:58:40,California
-OlmKNc1c3G8iVdEGpRz,Bando,37.729003,-121.69649,building,,Anonymous,0,False,2026-02-18 11:58:54,California
-OlmL952wgJPK8zTZDs-,Abandoned House (might be boarded),33.6418741,-117.2241463,house,fenced off but there’s an open window,Anonymous,0,False,2026-02-18 12:02:17,California
-OlmLf7YupajBunDEFnJ,Abandoned Bridge,32.943781,-117.108095,building,Park at Wendy’s and walk down,Anonymous,0,False,2026-02-18 12:04:32,California
-OlmNM5VRPButhHJ9I5l,Secret Sidewalk,37.590618,-121.951418,building,sketchy,Anonymous,0,False,2026-02-18 12:11:54,California
-OlmPhg42775DPUE1XQk,Small Abandoned Building,36.521932,-121.805991,building,"Very small old building. Very easy to get in, lots of old junk inside. Only danger is the possibility of airborne sicknesses already associated with abandoned buildings.",Anonymous,0,False,2026-02-18 12:24:57,California
-OlmQ2GMrzNdyOPhoBa-,Abandoned Clinic,37.410561,-121.932371,building,be careful of debris,Anonymous,0,False,2026-02-18 12:26:25,California
-OlmQLIbeRfm_aJ7NipP,Abandoned Mining Shaft,34.524552,-119.65898,building,,Anonymous,0,False,2026-02-18 12:27:43,California
-OlmR94HNKyI-csH8F8s,Abandoned Gas Station,33.523522,-115.938721,building,,Anonymous,0,False,2026-02-18 12:31:16,California
-OlmkOtQAxuDkOX9rREv,Abandoned Hospital,36.7386125,-119.753578,building,,Anonymous,0,False,2026-02-18 13:56:57,California
-OlmqFo2SwLYm6EVSON6,Abandoned Power Plant,34.206595,-119.250173,building,,Anonymous,0,False,2026-02-18 14:22:33,California
-Olmr_FndM2Wa-FjKbhd,Abandoned Construction Area,37.516098,-121.939428,building,,Anonymous,0,False,2026-02-18 14:28:19,California
-OlmrtU2ukpVle_kDFwV,Abandoned Dam,34.4808955,-118.0229473,building,,Anonymous,0,False,2026-02-18 14:29:42,California
-OlmsUsm5TkIBgfyHQOb,Abandoned Mansion,34.1421564,-117.4017853,house,,Anonymous,0,False,2026-02-18 14:32:19,California
-OlmtRrDvQqa4cU_X-bs,Abandoned Fire Station,33.7865665,-117.8510284,building,,Anonymous,0,False,2026-02-18 14:36:29,California
-OlmtYZQbojxLMu5Nb6V,Abandoned Fire Station,33.7865665,-117.8510284,building,,Anonymous,0,False,2026-02-18 14:36:56,California
-OlmuOe-zajM7_fNNQm-,Tunnel,33.7414708,-118.3745956,tunnel,,Anonymous,0,False,2026-02-18 14:40:38,California
-OlmwsepCE0o-blpON26,Abandoned Graffiti House,34.0039377,-117.3907667,house,,Anonymous,0,False,2026-02-18 14:51:29,California
-Oln-CODU9FGXf9om6_j,abandoned tow shop,32.7295304,-116.015625,building,,Anonymous,0,False,2026-02-18 15:06:00,California
-Oln0JKWkAQAiuOHe4_b,Abandoned Bank,38.5818552,-121.4981461,building,,Anonymous,0,False,2026-02-18 15:10:51,California
-Oln0hsWjj-MT5ah5NAO,Abandoned House + Barn,36.5239841,-119.356842,house,,Anonymous,0,False,2026-02-18 15:12:35,California
-OlnAeW8Tlc2m0GjLzON,Abandoned Elem School,37.641537,-122.062094,building,,Anonymous,0,False,2026-02-18 15:56:03,California
-OlnCBLu8a16W_38ZAVv,Abandoned Town,34.5823798,-117.3607206,building,,Anonymous,0,False,2026-02-18 16:02:44,California
-OlnCYomHAB0Nvnnbh9b,Abandoned Hospital,34.5774684,-117.3604631,building,,Anonymous,0,False,2026-02-18 16:04:20,California
-OlnD2POiHl7KFIgg0Xo,Square Shaped Tunnel,33.2579247,-117.293644,tunnel,,Anonymous,0,False,2026-02-18 16:06:29,California
-OlnDZR_QM6-xjYOUOg7,Sewer Drain,33.1470124,-117.132172,building,,Anonymous,0,False,2026-02-18 16:08:45,California
-OlnQopXFcogkbM2S9kR,Golf Course Tunnel,33.6633,-117.9348,tunnel,,Anonymous,0,False,2026-02-18 17:06:40,California
-OlnRSS-nle2JCIZN_1s,Bakersfield Mall,35.3949,-118.9599,building,Security,Anonymous,0,False,2026-02-18 17:09:26,California
-OlnvDvsi9ms0Oj9Y6XU,Abandoned Facility,36.4941815,-119.781189,building,,Anonymous,0,False,2026-02-18 19:23:53,California
-OlnwcDFMo-gN7LG7Nt9,Abandoned House + Trailer,38.4220117,-122.6912972,house,,Anonymous,0,False,2026-02-18 19:29:59,California
-OloUNtESvUg-lBRACCi,Abandoned Greenhouses,37.7242126,-122.4092965,building,,Anonymous,0,False,2026-02-18 22:01:51,California
-OloUplBFKYlJ0umyPk6,Graffiti Shack,37.8238872,-122.5351524,building,,Anonymous,0,False,2026-02-18 22:03:49,California
-OloVFyZmnyLgcIF_7xL,Abandoned Bunker,37.8364287,-122.544508,building,,Anonymous,0,False,2026-02-18 22:05:41,California
-OloWUJzn0EQ5eabHB0P,Abandoned Ammo Bunker,38.0662877,-122.526454,building,,Anonymous,0,False,2026-02-18 22:11:02,California
-OloXK0S3DmdDLFOVT2A,Abandoned Preschool,38.1090666,-122.5818658,building,,Anonymous,0,False,2026-02-18 22:14:42,California
-OlsAT-YNXmQIEALak_x,Abandoned Building,34.4182834,-119.592576,building,,Anonymous,0,False,2026-02-19 15:13:18,California
-OlsAvnA1J1Z-i5GP-uZ,Abandoned Quarry,34.8701584,-120.5172729,building,,Anonymous,0,False,2026-02-19 15:15:20,California
-Olsk8pSlSGPp8QSDvk2,Abandoned House,33.158472,-117.350056,house,"kinda hard to get in, watch out for the restaurant next to it they will snitch",BR Urbex,0,False,2026-02-19 17:53:35,California
-OltFTtgC5XuHC83sb9H,tennis club,37.823006,-122.117947,building,"tennis , 2 story house with a basement pool in the back. come from the trail in the back",Anonymous,0,False,2026-02-19 20:14:50,California
-OltFnCFUieO9UHvt2-_,barn,37.850241,-122.161709,house,small barn,Anonymous,0,False,2026-02-19 20:16:13,California
-OltFw6PYUIstPHzY2k0,roof entrance,37.856245,-122.126382,rooftop,roof,Anonymous,0,False,2026-02-19 20:16:50,California
-OltGJ_ng-nwqVDL6Ubc,dam,37.84542,-122.108585,tunnel,dam with a tunnel and near a fish breeding farm,Anonymous,0,False,2026-02-19 20:18:30,California
-OlwVLTmD4ZkMEs0leie,abandoned house + bike shop,37.9220781,-122.0646694,house,,Anonymous,0,False,2026-02-20 11:23:01,California
-OlyKW97is6vD8ARskJM,Train tunnels,39.539313,-121.542621,building,,@adventure_goons,0,False,2026-02-20 19:54:56,California
-OlyKjVhpFzr7PfkKg9I,Donner train tunnels,39.315641,-120.320837,building,,@adventure_goons,0,False,2026-02-20 19:55:54,California
-OlyLPg_ol76utdLYLZ_,Idahoe Maryland mine,39.211363,-121.017766,building,If you live in the area you have prob seen this its not really much to do but look at it up close theirs no entry its a concrete cone,@adventure_goons,0,False,2026-02-20 19:58:51,California
-OlyM0UWnGan8CYi3tYX,Round room,39.137122,-121.10001,building,Demonic ritual site,@adventure_goons,0,False,2026-02-20 20:01:30,California
-Om1Bu_1LoDyNPcrRQPb,Abandoned Rite Aid,37.8522826,-122.0354504,building,,Anonymous,0,False,2026-02-21 13:55:49,California
-Om1q0GjYaGLrgwXpoJ2,Abandoned Motel,34.578713504173,-118.128303425,building,,Anonymous,0,False,2026-02-21 16:55:25,California
-Om1qRQO1vvosoDUDsmU,Abandoned Mine Shaft,38.373834,-117.949258,tunnel,,Anonymous,0,False,2026-02-21 16:57:16,California
-Om1r-ArxvcBIirJCbCp,Graffiti Canalway,39.7624333,-121.7973036,building,,Anonymous,0,False,2026-02-21 16:59:42,California
-Om1rTtBvpUYxIbGR3Nn,Abandoned irrigation building,39.4033034,-122.0099235,building,,Anonymous,0,False,2026-02-21 17:01:48,California
-Om3hEHK0FJoZ86UO_n3,Military Buildings,36.640346,-121.799464,building,"It’s on giggling road 
A bunch of decent size abandoned buildings that all look the same 
About 12 big buildings some hospitals some housing and some prisons 
Almost everything is wide open but be careful because sometimes police will patrol and city cleanup is always there 
Roof access is avaible and it is a fun place to explore",Chris,0,False,2026-02-22 01:36:17,California
-Om3ighdAi6soXS-8d_2,Abandoned hospital,36.561693,-121.913825,building,"Abandoned mental hospital 
Elevator 
Mild security very unlikely to get caught 
Fence with easy jumping if you go on the sign and jump over 
Cameras on the left entrance and back
Easy access",Chris,0,False,2026-02-22 01:42:40,California
-Om3iklPFyfKhSp1nI2X,Abandoned neighborhood,37.951996,-122.416258,house,Abandoned neighborhood in Richmond. Some houses are boarded up and some still have windows. Might still be some people living there(squatters or residents) so be careful,Anonymous,0,False,2026-02-22 01:42:56,California
-Om5gjhby9iiyi4O1k9o,abandoned restaurant with roof access,33.0109019,-117.0788811,building,,Anonymous,0,False,2026-02-22 10:53:22,California
-Om5hJFHYjbwaFamJYei,Abandoned Big Stone Lodge,32.9401773,-117.0655077,building,,Anonymous,0,False,2026-02-22 10:55:52,California
-Om5iTOVgHPKmtCHX7A0,Graffiti Waterfall,32.9463487,-117.0994207,other,,Anonymous,0,False,2026-02-22 11:00:56,California
-Om8E0oVk437q7e5DTir,Ballarat Ghost Town,36.047778,-117.223333,building,,Anonymous,0,False,2026-02-22 22:45:22,California
-Om8EYHSEwXejTTYRKSH,abandoned mercury mine with graffiti,35.2895381040619,-120.478407740593,building,,Anonymous,0,False,2026-02-22 22:47:39,California
-Om8HWo_0_Z9aqMHcblf,Abandoned House With Pool,34.921044,-117.2010004,house,,Anonymous,0,False,2026-02-22 22:57:41,California
-Om8HpM3yInwmOdqX_dv,Abandoned Shed,34.2235335,-119.0830706,building,,Anonymous,0,False,2026-02-22 22:59:01,California
-OmAQ4lpjBeKIDrVf2TW,Abandoned 2 Story House,36.174479,-118.99723,house,Two story house with a giant pool. Rumored to be really haunted. Only bad side is you cant drive up to it. Have to park on the street and do a small hike up the mountain. (Also be cautious of the houses near by. People could possibly see you if you stand in the backyard balcony),Anonymous,0,False,2026-02-23 08:57:20,California
-OmAQ_MEZKrSpoM0JruC,Small Abandoned House,36.174479,-118.99723,house,,Anonymous,0,False,2026-02-23 08:59:29,California
-OmAR7oZ87U7Wa3xLqJS,Pioneer Town Sign,34.154441,-116.48808,other,old wooden sign from an old town,Anonymous,0,False,2026-02-23 09:01:54,California
-OmARjytFCYfAmyAysQR,Abandoned Mall (Cartel),32.662101,-115.48254,building,WARNING this is a VERY dangerous place to go the cartel have been seen around this mall and even inside of it GO AT YOUR OWN RISK,Anonymous,0,False,2026-02-23 09:04:35,California
-OmASAr1rh_XHPlAmRpG,Abandoned Warehouse,33.245071,-115.52311,building,,Anonymous,0,False,2026-02-23 09:06:29,California
-OmASnKflvh_afb1ec40,Abandoned Airfield,33.160841,-114.970791,other,,Anonymous,0,False,2026-02-23 09:09:11,California
-OmATAtY2RPh_Ih69_x3,Old House,33.636661,-116.213471,house,,Anonymous,0,False,2026-02-23 09:10:51,California
-OmAUe3kTDIiFSytd33T,Abandoned Storage Area,34.438351,-118.61069,building,,Anonymous,0,False,2026-02-23 09:17:17,California
-OmAVKaG0xOv98ojslKJ,Abandoned Big Lots,33.760001,-118.018121,building,,Anonymous,0,False,2026-02-23 09:20:15,California
-OmAVlGfZeRoVWvd9-KX,Abandoned Winery,37.94668,-122.42209,building,,Anonymous,0,False,2026-02-23 09:22:09,California
-OmAW3RDYJ3cJlfEy6W2,Abandoned House Foundations,37.84608,-122.108471,house,,Anonymous,0,False,2026-02-23 09:23:27,California
-OmAWudaIwj1oY-9UIj5,Abandoned Restaurant,39.16755,-123.21082,building,,Anonymous,0,False,2026-02-23 09:27:09,California
-OmAXfIzCsx7wnzfWhY1,Abandoned Building,39.15152,-123.20124,building,,Anonymous,0,False,2026-02-23 09:30:28,California
-OmAYr1--mCAoWQXVHrH,Abandoned Barn,37.978346,-121.536448,house,,Anonymous,0,False,2026-02-23 09:35:39,California
-OmAZIRmrUJFybEOo16n,Telegraph Ghost Town,37.935567,-120.740261,house,,Anonymous,0,False,2026-02-23 09:37:35,California
-OmAZuOIurdKiCoo0dIS,Iron Mining Area,35.639363,-116.649019,other,,Anonymous,0,False,2026-02-23 09:40:15,California
-OmAolbNe4-DmZoYzEmF,Horse ranch,33.885736,-117.12709,building,"Stables, sheds, dirt track, and buildings",Dukes,0,False,2026-02-23 10:46:33,California
-OmAv5R0sWAnQSISOjQO,Golf corse,33.891561,-117.075076,building,"Golf corse, might be really torn down now, you can come in off-roading if you come in from the left",Dukes,0,False,2026-02-23 11:14:11,California
-OmAv5T5UnInm_Tzfe6Z,jojis room,33.028535,-117.27798,other,Jojs room,Anonymous,0,False,2026-02-23 11:14:12,California
-OmAw_CXr_B_JrsEk8qX,Abandoned Building,33.84977,-117.48007,building,,Anonymous,0,False,2026-02-23 11:23:39,California
-OmAxEIeyZ3jK491Z0F8,Foster Bowl,34.352336,-119.310898,building,,Anonymous,0,False,2026-02-23 11:26:32,California
-OmAxeW-BZgxkL4IQCeZ,Dublin Gulch,35.973179,-116.274383,building,,Anonymous,0,False,2026-02-23 11:28:23,California
-OmAyDysRjbGuYIj4G3R,Abandoned Cabin,37.212626,-122.188826,house,in 1887 Johanson immegrated from Holland and began a lucrative logging company in the Santa Cruz mountains off the road known as Gazos Creek rd. He built three logging cabins in the area around 1900 when logging was in its peak in the area. He sold the land and area in 1930. The area has been logged on and off though the years and this is a remanent of the by-gone era. The area is now Owned by Empire Lumber Co. and is off limits to the general public. The surrounding areas is part of Big Basin and Butano State park.,Anonymous,0,False,2026-02-23 11:30:53,California
-OmAyorfIycmPNvuoJIy,Abandoned Railyard,38.025461,-121.896551,other,,Anonymous,0,False,2026-02-23 11:33:28,California
-OmAzO5E1HihP-qKT5y6,Abandoned Railyard,39.41511,-123.350973,building,,Anonymous,0,False,2026-02-23 11:35:56,California
-OmB-B_MfOC-5eusRjU7,abandoned City,36.619925,-121.749099,house,,Anonymous,0,True,2026-02-23 11:39:27,California
-OmB-c1ARxHNlW5kCHFw,Abandoned WW2 Bunker,37.820658,-122.530056,building,,Anonymous,0,False,2026-02-23 11:41:20,California
-OmBh_IXOMiFvenLBOb8,Abandoned Football Stadium,36.086661,-115.016671,building,,Anonymous,0,False,2026-02-23 14:57:45,California
-OmCwoKbLxQxoeEYNHyt,Abandoned Dennys,33.04815,-117.2893,building,Untouched,Anonymous,0,False,2026-02-23 20:40:56,California
-OmDHeW1LQvon0lsglD_,Abandoned cabin,34.1467932,-116.2999304,house,,Anonymous,0,False,2026-02-23 22:16:23,California
-OmDIBnMylbhCMoFFj2r,Abandoned Church,33.7155238,-117.9955915,building,might be demolished,Anonymous,0,False,2026-02-23 22:18:43,California
-OmFjhePqMP3RBNsM5_r,Abandoned Construction Area,40.378761,-122.28211,other,,Anonymous,0,False,2026-02-24 09:45:35,California
-OmFkGAVjQIGPAkzBpK3,?,38.032949,-121.577454,building,,Anonymous,0,False,2026-02-24 09:44:57,California
-OmGG-Fldp351g3R67-2,Abandoned Factory,37.636784,-120.998566,building,smells horrible,Anonymous,0,False,2026-02-24 12:07:59,California
-OmGMf4k7tImitqK69Mj,Abandoned Barge with Crane,38.10832,-121.614117,other,theres been recent efforts on removing abandoned ships from the delta so idk if its been removed or not. but its still visible on google maps.,Anonymous,0,False,2026-02-24 12:37:08,California
-OmIBvXhiewfrt0HXylc,Old Factory?,37.854571,-122.295727,building,"dark and dusty bring masks

sneak in at night or morning, glass store across the street has windows and has called security b4

has sick pieces",Anonymous,0,False,2026-02-24 21:09:26,California
-OmLW5TcSG2O-FNfxVeD,Tunnel,33.881096,-117.582368,tunnel,,Anonymous,0,False,2026-02-25 12:39:31,California
-OmLW_UKirzlFO9RvtMH,Abandoned Pumping Station,34.167451,-119.041637,building,,Anonymous,0,False,2026-02-25 12:41:38,California
-OmLd9pbacY2-fMUipg8,jonahs a dumbass ho,523,451,house,Jonah's a bitch that will never succumb to anything in life,Jack Wibbemeyer,0,False,2026-02-25 13:11:40,California
-OmLdOQhUx3DITuoo4wi,Open Pad,33.028535,-117.27798,house,Pullup to the crib open pad anytime,Mobasher,0,False,2026-02-25 13:12:40,California
-OmN3QB4QM8acKVD_eQ8,Abandoned House,33.894106,-118.227133,house,enter thru the front,Manjo,0,False,2026-02-25 19:50:22,California
-OmRlqQ-VEO72sH7SoRt,Graffiti Hut,45.58,-122.7441667,building,,Anonymous,0,False,2026-02-26 17:47:19,California
-OmRm_2AL1Ob-WJiQI0K,Abandoned Factory,45.5418536,-122.6988,building,,Anonymous,0,False,2026-02-26 17:50:30,California
-OmRn0ZaHSWmj_MwzRng,Small Abandoned House,45.5382536,-122.7983201,house,,Anonymous,0,False,2026-02-26 17:52:27,California
-OmRnZd6zTpuKio2e0R9,Abandoned House,41.4781437,-74.1243507,house,,Anonymous,0,False,2026-02-26 17:54:51,California
-OmRp3AGReK7EGEwp0CZ,Abandoned Power Plant,43.1683732,-77.62039,building,hole in fence,Anonymous,0,False,2026-02-26 18:01:22,California
-OmRq3oB4iTJgYqOL5uq,Abandoned Hospital,43.12372,-77.60657,building,,Anonymous,0,False,2026-02-26 18:05:47,California
-OmRqUg3lw6NU3kRNuYq,Abandoned Factory,43.1209732,-77.61138,building,,Anonymous,0,False,2026-02-26 18:07:37,California
-OmRr0hXnpK5O0p1f-Gu,Abandoned Building,42.9749,-77.35989,building,,Anonymous,0,False,2026-02-26 18:09:56,California
-OmRrVZr1wUR27VIRCkp,Abandoned Warehouse,42.4998611,-77.5006389,building,,Anonymous,0,False,2026-02-26 18:12:03,California
-OmRrjMa3ht0BQX7BWPa,Abandoned Ski Lift,42.2624335281932,-77.796770101,other,,Anonymous,0,False,2026-02-26 18:13:03,California
-OmRs0mVk230PyQxgG5Y,Abandoned Jail,42.3373934252239,-77.017210609,building,,Anonymous,0,False,2026-02-26 18:14:19,California
-OmRsXMxH75QClLEBLr5,Abandoned House,40.6224739241932,-75.52902031,house,,Anonymous,0,False,2026-02-26 18:16:32,California
-OmRt3ezikyUq5UYTtMt,Abandoned Office,43.1290523,-77.6582336,building,,Anonymous,0,False,2026-02-26 18:18:53,California
-OmRtjeO9TKF3XNraCS5,Abandoned Building,43.0529878,-76.1196408,building,,Anonymous,0,False,2026-02-26 18:21:49,California
-OmRu9I2GL529HYAgI1Z,Abandoned Red Building,43.0507014,-76.1594582,building,,Anonymous,0,False,2026-02-26 18:23:38,California
-OmRuU7U8qKDUkfOfmWa,Abandoned Building,43.0490707,-76.1259842,building,,Anonymous,0,False,2026-02-26 18:25:03,California
-OmRvBFhuHekKRif-QHm,Abandoned Church,43.0392538,-76.1586428,building,,Anonymous,0,False,2026-02-26 18:28:08,California
-OmRvbgfOPHhgIObNrqz,Abandoned Building,41.8263375,-75.6791094,building,,Anonymous,0,False,2026-02-26 18:30:00,California
-OmS0v1jr63npIgVo4by,Abandoned Movie Theater,40.1282286,-74.217453,building,,Anonymous,0,False,2026-02-26 18:57:32,California
-OmS1D7x6EYK40wWaq6e,Abandoned Appliances store,40.1376371,-74.2251094,building,,Anonymous,0,False,2026-02-26 18:58:51,California
-OmS20F2m9W70vZwmD5N,Abandoned Hospital,40.7659815,-73.8240051,building,,Anonymous,0,False,2026-02-26 19:02:20,California
-OmS3TBfGCv237_ssRhz,abandoned mansion,40.5204128,-74.1775163,building,,Anonymous,0,False,2026-02-26 19:08:41,California
-OmS3yJzT7V6lOh-o4n6,Abandoned Barn,40.5605125,-74.1652029,house,,Anonymous,0,False,2026-02-26 19:10:52,California
-OmS4SpgRamqDHPz1Owv,Abandoned Warehouse,40.5941749,-74.1399479,building,,Anonymous,0,False,2026-02-26 19:13:01,California
-OmS5Be7aK3ZcX_oJBbN,Abandoned Mega Mansion,40.601138,-74.1067019,building,,Anonymous,0,False,2026-02-26 19:16:13,California
-OmS5i23NVIWa0yBDQo-,Abandoned House,44.8502376,-74.2941722,house,,Anonymous,0,False,2026-02-26 19:18:30,California
-OmS7b_tclpx9_2aqfKr,Abandoned Building,43.3540627,-73.2522976,building,,Anonymous,0,False,2026-02-26 19:26:48,California
-OmS7yB5iyomZcqQm-Ja,Abandoned Warehouse,43.6082394,-72.9876709,building,,Anonymous,0,False,2026-02-26 19:28:20,California
-OmS8YRPOfoGpASOxWG9,Abandoned Mall,43.5808883,-72.964325,building,,Anonymous,0,False,2026-02-26 19:30:53,California
-OmS9OW3ULi_AQYrMctA,Abandoned Warehouse,42.8869705,-78.8343287,building,,Anonymous,0,False,2026-02-26 19:34:34,California
-OmS9k5UuMmb6sra2v3C,Abandoned Church,42.9034371,-78.8451715,building,,Anonymous,0,False,2026-02-26 19:36:07,California
-OmSAfi0CAPNVW3V6s7X,Abandoned Building,43.0708942,-79.084396,building,,Anonymous,0,False,2026-02-26 19:40:11,California
-OmSHdij5ZuypS8eqjfF,廃墟となったホテル,35.2753346,139.910202,building,,Anonymous,0,False,2026-02-26 20:10:38,California
-OmSIUBVCmgdbVhezRB0,Abandoned Hotel,35.7611125,139.402547,building,,Anonymous,0,False,2026-02-26 20:14:17,California
-OmSIiryfFYzAor11j8J,Abandoned Hotel,35.761192,139.4125128,building,,Anonymous,0,False,2026-02-26 20:15:21,California
-OmSJ50im8REqP2nWje0,Abandoned Village,35.9143876,139.1001105,building,,Anonymous,0,False,2026-02-26 20:16:56,California
-OmSJJXI8gZimdS9xvKf,Abandoned Village,35.9308997,139.0742111,building,,Anonymous,0,False,2026-02-26 20:17:55,California
-OmSK3eDDjSgC6f65RFN,Abandoned Hospital,37.400187,140.98764,building,,Anonymous,0,False,2026-02-26 20:21:13,California
-OmSKX0nFYCq2MhMt0P-,Abandoned Power Plant,37.421333,141.0280824,building,,Anonymous,0,False,2026-02-26 20:23:13,California
-OmSM5pso_vnBUkWQ4cb,Abandoned Resort,26.5532376,128.0372345,building,,Anonymous,0,False,2026-02-26 20:30:06,California
-OmSP-EozKV_z-ypOHz8,abandoned store,45.5202123,-122.6760784,building,,Anonymous,0,False,2026-02-26 20:42:45,California
-OmSPR3bA6nsJixpv5vL,Factory,45.5294126,-122.6684529,building,,Anonymous,0,False,2026-02-26 20:44:39,California
-OmSQMBtPTEy3eVT3qLL,Abandoned House,45.5585052,-122.6669884,building,,Anonymous,0,False,2026-02-26 20:48:41,California
-OmSQrIwhRl5QSiXVua7,Abandoned House + Barn,45.6531373,-122.8525154,house,,Anonymous,0,False,2026-02-26 20:50:53,California
-OmSRJ7jSKBomA_n2RwP,Abandoned House,45.4759014,-122.8494644,house,,Anonymous,0,False,2026-02-26 20:52:51,California
-OmScIbFcixGb8KW4ghH,Abandoned Barn,43.3036372,-77.9178286,building,,Anonymous,0,False,2026-02-26 21:45:15,California
-OmSeQN5uPc88kWwJHuO,Abandoned House,32.8112634,-113.5049862,house,,Anonymous,0,False,2026-02-26 21:54:31,California
-OmSekr_I5dT27K92mNJ,Abandoned Building,32.8125619,-113.538672,building,,Anonymous,0,False,2026-02-26 21:55:59,California
-OmSfeq2Ria9GpgGl9I5,Small Abandoned House,32.985286,-113.324452,house,,Anonymous,0,False,2026-02-26 21:59:56,California
-OmSg-4QhypogYvEmu2R,Abandoned Hospital,32.3683631,-112.8652954,building,,Anonymous,0,False,2026-02-26 22:01:23,California
-OmSgFzcrV9eoXZgDQqi,Abandoned Gas Station,32.3756485,-112.8722477,building,,Anonymous,0,False,2026-02-26 22:02:32,California
-OmShHnqRiVnBmGmwE12,Abandoned Building,33.4359293,-112.2972143,building,,Anonymous,0,False,2026-02-26 22:07:02,California
-OmShl6UKLGraOC2x-r9,Abandoned House Lots,33.348598,-112.1618271,building,,Anonymous,0,False,2026-02-26 22:09:06,California
-OmSiQPbcSc3DhZAfRT_,Abandoned House,33.5076218,-112.0595169,building,,Anonymous,0,False,2026-02-26 22:11:59,California
-OmSitXVldS6lqy-nxpz,abandoned Storage,33.4297222,-111.9438171,building,,Anonymous,0,False,2026-02-26 22:14:03,California
-OmSjQnV2c2R2PnvI-GI,Abandoned Green Building,33.4194067,-111.9180679,building,,Anonymous,0,False,2026-02-26 22:16:23,California
-OmSjl0wkfVLiurJxCHf,Abandoned Airfield,33.2460096,-111.905601,other,,Anonymous,0,False,2026-02-26 22:17:50,California
-OmSkDZ5s-QK3QIFFGm8,Abandoned Place,33.2898621,-111.9292031,building,,Anonymous,0,False,2026-02-26 22:19:51,California
-OmSkr4YgsXiti_FHRk-,Abandoned House,33.2974125,-111.6843593,building,,Anonymous,0,False,2026-02-26 22:22:37,California
-OmSljQ1v_NNBNHEM4MB,Abandoned House,33.3510626,-111.6602346,house,,Anonymous,0,False,2026-02-26 22:26:28,California
-OmSlyBGRl5H9Y7nEg8v,Abandoned neighborhood,33.2987537,-111.6803169,house,,Anonymous,0,False,2026-02-26 22:27:28,California
-OmSmMO43k0G7kWYX10Y,Ghost Town,33.4572242,-111.4920044,house,,Anonymous,0,False,2026-02-26 22:29:11,California
-OmSmq9T2VzLPmFxaMhj,Abandoned Trailer,32.6446125,-111.3932347,building,,Anonymous,0,False,2026-02-26 22:31:17,California
-OmSnUrhbtyXUu15bp7r,Abandoned ruins,32.5295377,-111.4424217,house,,Anonymous,0,False,2026-02-26 22:34:08,California
-OmSnyxyWBU73pTA3c2Q,Abandoned Hotel,32.1866544,-110.963974,building,collapsed,Anonymous,0,False,2026-02-26 22:36:16,California
-OmSohk2K0TOfkBaeBMx,Abandoned Julia Keen Elementary school,32.1970414,-110.9169388,building,,Anonymous,0,False,2026-02-26 22:39:27,California
-OmSpGBNIVW5RhZscqoB,Abandoned grocery store,32.2226767,-110.8424377,building,,Anonymous,0,False,2026-02-26 22:41:53,California
-OmSphzFLjZH2VO1Xmyw,abandoned Strip mall,32.8392122,-111.6870117,building,,Anonymous,0,False,2026-02-26 22:43:50,California
-OmSqDn64WW2BjUzh91e,Abandoned Warehouse,31.5589369,-110.2995157,building,,Anonymous,0,False,2026-02-26 22:46:05,California
-OmSqfcLCFMqUynT1F5A,Abandoned Church,31.640437,-110.3331091,building,,Anonymous,0,False,2026-02-26 22:48:03,California
-OmSr6m6Z0ZUJcWySGRf,abandoned building,33.4451931,-112.0193481,building,,Anonymous,0,False,2026-02-26 22:49:58,California
-OmSrSEAWGGjn5FSF0tv,vulture city ghost town,33.8172039,-112.8324598,building,,Anonymous,0,False,2026-02-26 22:51:26,California
-OmSryFz5eDdYB1sEZFU,Abandoned Indoor Pool,40.9503324,-5.6550712,building,,Anonymous,0,False,2026-02-26 22:53:41,California
-OmSsKOzAjiZc_aJ4I2g,Abandoned Church,40.299076009017675,-3.593874820830641,building,,Anonymous,0,False,2026-02-26 22:55:16,California
-OmSsdzN62FAI1ecE49k,bando,41.6747245,-0.8662876,building,,Anonymous,0,False,2026-02-26 22:56:40,California
-OmSszJNsfGflu6YJDyd,Abandoned house,42.3905099,-8.1443049,building,,Anonymous,0,False,2026-02-26 22:58:08,California
-OmStdl6R1-LyE2GG0vE,Abandoned Building,40.3893383,-3.7788963,building,,Anonymous,0,False,2026-02-26 23:01:02,California
-OmSttkoXevBwgTw27Gx,Casa Abandonada,40.4548115,-3.6508758,house,,Anonymous,0,False,2026-02-26 23:02:07,California
-OmSu3L6IRM5fnp_LQoX,Old Bar,40.4453832,-3.5330533,building,,Anonymous,0,False,2026-02-26 23:02:51,California
-OmSuOrWPONt0hNKPtUA,pueblo fantasma,40.2359834,-4.3069891,house,,Anonymous,0,False,2026-02-26 23:04:19,California
-OmSufTWr-AI_e9tj0Hj,Torre Grande,38.8150866,-0.9748651,house,,Anonymous,0,False,2026-02-26 23:05:31,California
-OmSuz3Ze722qpYmnLuB,Slaughterhouse,38.9386641,-0.2597898,building,,Anonymous,0,False,2026-02-26 23:06:51,California
-OmSvIqDGQENTeaaP0WA,Abandoned Club,39.2664693,-0.2736828,building,,Anonymous,0,False,2026-02-26 23:08:16,California
-OmSvZ4uZOlFfvNQDL3f,Abandoned Place,39.2900613,-0.4802799,building,,Anonymous,0,False,2026-02-26 23:09:23,California
-OmUqVBsEG87OHB5xeYL,Casa De Gatos,36.5717069,-4.6058835,building,"🇬🇧: This place is protected by the government but is still abandoned and open to the public, just go down the drive way and into the first door on the right, I would go when it’s dark because cats are nocturnal so they will be more active, and bring cat treats if you want them to come up to you.

🇪🇸: Este lugar está protegido por el gobierno pero aún así está abandonado y abierto al público, solo tienes que bajar por el camino de entrada y entrar por la primera puerta a la derecha, yo iría cuando esté oscuro porque los gatos son nocturnos, así que estarán más activos, y lleva golosinas para gatos si quieres que se acerquen a ti.",Anonymous,0,False,2026-02-27 08:06:31,California
-OmUqoEIU8e_FEs-YlTW,Casa Diocero,36.7413108,-4.4058604,house,,Anonymous,0,False,2026-02-27 08:07:53,California
-OmUr8UFr0hEpagpp72c,Cuartel Militar,36.75027920835062,-3.504897950275989,building,,Anonymous,0,False,2026-02-27 08:09:20,California
-OmUrObS8uBnDnenm8JR,Urbex,39.4735723,-0.4338259,building,,Anonymous,0,False,2026-02-27 08:10:26,California
-OmUrcB46luoly8iKLnV,Abandoned Village,41.519514,2.0317005,house,,Anonymous,0,False,2026-02-27 08:11:25,California
-OmUrt6JiOyfJC-9vIbD,Torre Salvana,41.3658333,2.0286111,house,,Anonymous,0,False,2026-02-27 08:12:35,California
-OmUsfm5ZS4QwncEl6aq,Abandoned Warehouse,41.571754,1.99769,building,"To enter you need to climb up a wall (its very easy to do). Once uoyre in watch out, there are movememt sensors currently active, you can avoid them but once you enter the main building youll see that is infested with these sensors. Even though I’ve never seen guards, whatever you eant to do, do it quickly because they might spawn there without you notissing

Good luck explorers",Anonymous,0,False,2026-02-27 08:16:02,California
-OmUt7nu1GnViU5rreyb,Abandoned Power Plant (HARD),43.4334084,-2.8725163,building,"You need to plan ahead! This is a death wish if you you know what you are doing! If so you are able to get in. It’s very pretty. Watch for cameras/cops be careful. Good luck, I am not providing any other information for my sake.

the photos from Haze Explorer cuz when i went i didn’t take any photos.",Anonymous,0,False,2026-02-27 08:18:01,California
-OmUtIeFzdHhKToVKWn7,Factory,42.8697853,-2.6599035,building,,Anonymous,0,False,2026-02-27 08:18:46,California
-OmUtKMKU67mzv-iMQWN,Factory,42.8697853,-2.6599035,building,,Anonymous,0,False,2026-02-27 08:18:53,California
-OmW-h0kB_A_ZxxQCE6E,Abandoned Building,40.393301,-3.992091,building,,Anonymous,0,False,2026-02-27 13:33:53,California
-OmW11XMybq-2BHtq-CZ,Abandoned Castle,40.223981,-3.6536,building,,Anonymous,0,False,2026-02-27 13:39:44,California
-OmW1jY7E2uzi2HsvW6v,Abandoned El Corte Ingles,0.394681,-3.67598,building,,Anonymous,0,False,2026-02-27 13:42:48,California
-OmW8an5B62iXVudUvbf,Abandoned Car Park,36.5300482,-4.629705,building,,Anonymous,0,False,2026-02-27 14:09:35,California
-OmW925zdbGhjiykBp2N,Abandoned Factory,38.6720967,-9.1533357,building,,Anonymous,0,False,2026-02-27 14:11:31,California
-OmWM7EihskcpLZ1aKKI,Abandoned Library,40.6925139191933,-74.018740609,building,"Abandoned library, dont know the history behind it but its super easy to get into. theres a bathroom and a downstairs also and old television",Anonymous,0,False,2026-02-27 15:08:40,California
-OmWMgRGL9cyvruX1dsa,Abandoned Dowling College,40.8274241242232,-72.876031415,building,,Anonymous,0,False,2026-02-27 15:11:09,California
-OmWN7FdhCu4YjUHnYfZ,Abandoned House,40.9482778,-72.9172778,building,,Anonymous,0,False,2026-02-27 15:13:03,California
-OmWNZFe29L9jkArKeKn,Abandoned Amusement Park,40.8206389,-72.9776389,building,,Anonymous,0,False,2026-02-27 15:14:57,California
-OmWO1zCoe2TKwqRz9bf,Bando,40.9016640261634,-73.232220411,building,,Anonymous,0,False,2026-02-27 15:17:03,California
-OmWOTaow8kKlaReBByH,Massive Abandoned Building,40.8974722,-73.2443333,building,,Anonymous,0,False,2026-02-27 15:18:56,California
-OmWOyaUNIFIyDCumzkZ,Abandoned Sears,40.7754438292032,-73.52671031,building,,Anonymous,0,False,2026-02-27 15:21:07,California
-OmWPpSmAD94v4DmyiLp,Abandoned Movie theater,40.7521838311937,-73.660050014,building,,Anonymous,0,False,2026-02-27 15:24:52,California
-OmX7SQbYypLb8b3Nw4s,Abandoned Gym,36.905314,138.7747401,building,,Anonymous,0,False,2026-02-27 18:44:12,California
-OmX7U9wAsRe9pJ7bO2W,Abandoned Gym,36.905314,138.7747401,building,,Anonymous,0,False,2026-02-27 18:44:19,California
-OmX7ZW70Zz2niYcJX9p,Abandoned Gym,36.905314,138.7747401,building,,Anonymous,0,False,2026-02-27 18:44:41,California
-OmXA1Dn_HQSh0r75Md8,Abandoned Hospital,33.6660739282336,135.353460513,building,,Anonymous,0,False,2026-02-27 18:55:27,California
-OmXkecVfDk_dMqJltAe,Conejo Grande,40.2833135181839,-3.692630001,building,,Anonymous,0,False,2026-02-27 21:39:52,California
-OmXlEPa4MRQ-rQrrHMU,Abandoned Castle,40.4441337302137,-3.955241513,building,,Anonymous,0,False,2026-02-27 21:42:23,California
-OmXmkr8FsYi6Oxq6fES,Abandoned Pablo Escobar Mansion,40.5315836251633,-3.611290009,house,,Anonymous,0,False,2026-02-27 21:49:02,California
-OmXnaBGkValaw3mj34G,Barrio Abandanado,40.2081835262537,-3.92334151,building,,Anonymous,0,False,2026-02-27 21:52:40,California
-OmXoHHbH_ochjrNuB5w,Abandoned Building,40.2989335192545,-3.593790301,building,,Anonymous,0,False,2026-02-27 21:55:41,California
-OmXomq5vYbroMrHATxM,Abandoned Office,40.5638536281844,-3.898961401,building,,Anonymous,0,False,2026-02-27 21:57:54,California
-OmXtX15H4VewFaUQ-9M,tunnle,37.910841,-122.210809,tunnel,,Anonymous,0,False,2026-02-27 22:18:36,California
-OmXtfpVt1j8Lf2-Cs36,roof easy way in,37.835359,-122.127602,rooftop,,Anonymous,0,False,2026-02-27 22:19:16,California
-OmXtqQt-JHO7hrtK8E4,"barn, all most fully collapsed",37.802121,-122.105128,house,,Anonymous,0,False,2026-02-27 22:20:00,California
-OmXtta_nSboemsiK8LX,barn,37.814891,-122.102474,house,,Anonymous,0,False,2026-02-27 22:20:13,California
-OmaklKNu6nfYBTRrLDO,old house,35.512821,-120.695858,building,"sick spot 
pretty easy to get to",Anonymous,0,False,2026-02-28 16:18:48,California
-OmalDoXjolQkVB_JGjV,roof top spot,35.511191,-120.697132,building,on top of the abandoned big lots,Anonymous,0,False,2026-02-28 16:20:49,California
-OmalokZBWCioxBqoJeE,diy skate park,35.511849,-120.69449,other,to the left of this pile of rubble,Anonymous,0,False,2026-02-28 16:23:24,California
-OmanJSet9_KRsSATuaq,big lots roof,35.511061,-120.697224,rooftop,huge roof,Anonymous,0,False,2026-02-28 16:29:57,California
-OmaoXdHEOaFvSHgClz6,abandoned restaurant,35.506621,-120.692786,building,"first floor is closed off but the second floor is still accessible
place is probably going to be demolished soon",Anonymous,0,False,2026-02-28 16:35:17,California
-Omfc2cCjB9ecryQ6202,Grain silos,37.746532,-122.383693,building,Cool views n graffiti occasionally some crack head,Anonymous,0,False,2026-03-01 14:58:50,California
-Omgt07OBNiK2k456oHY,Mare island navy base,38.08,-122.25132,building,"Entire navy base with over 100 buildings, multiple buildings with doors open, houses, storage, factory rooms, tons of land super easy access just follow the fence as south as it will go",Anonymous,0,False,2026-03-01 20:52:33,California
-OmhHV-6r9GMgbofwsc2,Abandoned Apartment Complexes,37.316361,-121.934959,house,"Many  Houses and apartment complexes, beware squatters are active inside",Anonymous,0,False,2026-03-01 22:43:54,California
-Omja0htlTCzY31QtNcP,Abandoned Building,37.346051,-6.001801,building,,Anonymous,0,False,2026-03-02 09:31:47,California
-Omq0hIr0jMFCqXaVJBH,Abandoned home,34.440547,-119.880811,building,Home got abandoned during construction ppl sadly broke all windows,Anon,0,False,2026-03-03 15:27:07,California
-On4vLy4qRF7BlKDx0XR,rusty farm,37.803579,-122.11305,building,,rusty farm,0,False,2026-03-06 17:33:20,California
-On6YS_qNhaEzVXJtRFf,Storm drain,33.58106,-117.612627,other,A storm drain leads no where,Anonymous,0,False,2026-03-07 01:08:08,California
-OnDMTYZLAg7Nmhk5HhK,122 Lakeview Dr,37.437229,-122.235275,house,"Abandone 2 story house w basement,barn,pool ,and green house",Lourdes Rivera,0,False,2026-03-08 09:53:06,California
-OnJ8L5Kj_155lKmyxM6,Abandoned / Burned-down Building,34.182392,-118.465992,building,"Abandoned / Burned-down. some homeless ppl living there, most are chill.",Anonymous,0,False,2026-03-09 12:49:05,California
-OnJXA5c9kUmuVaQKclQ,Abandoned Waterpark,34.948094,-116.684847,building,"Lake Dolores Waterpark is an abandoned waterpark off Interstate 15 in the Mojave Desert in the community of Newberry Springs, California, United States. The waterpark had operated under numerous names in the past, including Lake Dolores, Rock–A–Hoola Waterpark, and Discovery Waterpark.",Nick,0,False,2026-03-09 14:37:34,California
-OnJZ6g-HMacIpjUCQ3N,Abandoned Barn / Mental Hospital,34.177459,-119.02855,building,Scary Dairy is an abandoned dairy and vegetable farm once operated by Camarillo State Mental Hospital's psychiatric patients,Nick,0,False,2026-03-09 14:46:04,California
-OnJaTut63wetMg-0cdd,Abandoned Jail,34.251767,-118.823372,building,,Nick,0,False,2026-03-09 14:56:23,California
-OnJvPjyMQ3wQZkHNZew,Abandoned Brothel / Phillips Ranch,34.567583,-118.467314,building,"Here's a link to two yt vids: 

https://youtu.be/zVJM2PGi1j8?si=DN3UAFLGOeoYTAZ4

https://youtu.be/EmocCTOW8Dw?si=5BWNxmfADuC4GaPU 

(not the same nick in the vid lol)",Nick,0,False,2026-03-09 16:27:51,California
-OnKClLRwXq_YJxO3pAg,Abandoned mine/smalltown,36.41679,120.67595,building,"It’s a ran down coal mine, very bumpy dirt road drive slow follow new idria road till you find a nice place to park and walk till you find it should only be a mile or two",Poyimexplore,0,False,2026-03-09 17:48:03,California
-OnSgx9WjjDF8F5pF_sY,Abandoned Military School,33.656943,-117.373485,building,"Abandoned Military School has barbed wire metal gates around, and it's boarded up but easy to open up. Be careful, someone lives in the trailer besides it so be quite me and my friend almost got shot at by him pulled out a shotgun on us.",Unit.Urbex,0,False,2026-03-11 09:21:14,California
-OnVa3SbLb4NLqGh3brF,15681 Williams st,33.73609,-117.839579,building,,Fernando Landa,0,False,2026-03-11 22:50:02,California
-OnZxrFuJtD5ydZGb-89,Boomers,33.99291,-117.915137,building,Was a speedzone and then turned boomers and shut down,Anonymous,0,False,2026-03-12 19:12:33,California
-OncUrQXBNQEBIZ0wQok,Abandoned warehouses,37.5058231,-121.9363064,building,"Enter from fence on the side along S Grimmer BLVD: Graffiti, cars, tweakers?, dogs?",Anonymous,0,False,2026-03-13 11:39:53,California
-OniJl5QnodxWFDDJusj,Tracks,33.87401,117.97822,other,,Anonymous,0,False,2026-03-14 14:49:07,California
-OnkK5s2qFiqPND4aKN3,Abandoned school,37.943957,-122.318183,building,There’s a gym a music room and the main building is 3 floors so 3 buildings totalno security but they do board the doors within 3 days or so and they sometimes uses 2inch metal slabs so have fun getting in. My TikTok Orphan ubductor has vids on all 3 ✌️,Koji,0,False,2026-03-15 00:09:51,California
-OnkpCEuePWTOb7NVvUq,Milagra Battery Trail Bunker,37.640913,-122.483954,building,"Old war bunker, sometimes sealed sometimes reopened you never really know, multiple smaller bunkers along the trail",Anonymous,0,False,2026-03-15 02:30:05,California
-Onkq0qrLrlIWpxPWJXK,Pacifica Helicopter landing pad,37.597894,-122.51303,other,"Cool landing pad with graffiti, great sunset view",Anonymous,0,False,2026-03-15 02:33:41,California
-OnnrCjNYi4KPeoklbHR,cool view,37.8087,122.36942,building,,Anonymous,0,False,2026-03-15 16:37:43,California
-OnoH6X8uvawmZKZDeGJ,Abandoned street,37.878097,-122.305605,other,It has security there in a Prius all the buildings in the photo are abandoned to get in the building with the brown pipes you get in though the fence just walk the train tracks,TikTok orphan ubductor,0,False,2026-03-15 18:35:16,California
-Onslu3GxVZD9YnQ4FfW,frys,40.741895,-73.989308,building,old frys electronics,⋆𝗠𝗢𝗠𝗠𝗬⋆,0,False,2026-03-16 15:32:38,California
-Oo3uDkEiqIB-bM_afKU,Abandoned 70's House,33.746054,-117.80833,building,"Old abandoned house, possible dead body or squatters inside, garage is possible to enter by kicking in door, contains of an untouched Honda/Harley, Best way to enter is hopping the brick wall from the store parking lot where the bricks are separated. Building still has power, or at least the fridge in the garage does. Be cautious, known to have an Old Man previously live here, possible he still does.",Anonymous,0,False,2026-03-19 00:04:26,California
-OoCAiS1tVguRWEntg1l,Purple Light Rooftop,37.33666,-121.88639,rooftop,Parking Garage Rooftop With Purple Lights & City View,adrenalinejunky,0,False,2026-03-20 14:37:50,California
-OoCX0fkZu-zRO10Kmhh,unknown,33.876856,-117.910887,building,,Anonymous,0,False,2026-03-20 16:15:16,California
